DisNo.,Historic,Classification Key,Disaster Group,Disaster Subgroup,Disaster Type,Disaster Subtype,External IDs,Event Name,ISO,Country,Subregion,Region,Location,Origin,Associated Types,OFDA/BHA Response,Appeal,Declaration,AID Contribution ('000 US$),Magnitude,Magnitude Scale,Latitude,Longitude,River Basin,Start Year,Start Month,Start Day,End Year,End Month,End Day,Total Deaths,No. Injured,No. Affected,No. Homeless,Total Affected,Reconstruction Costs ('000 US$),"Reconstruction Costs, Adjusted ('000 US$)",Insured Damage ('000 US$),"Insured Damage, Adjusted ('000 US$)",Total Damage ('000 US$),"Total Damage, Adjusted ('000 US$)",CPI,Admin Units,Entry Date,Last Update
2000-0643-MEX,No,nat-met-sto-tro,Natural,Meteorological,Storm,Tropical cyclone,,Keith,MEX,Mexico,Latin America and the Caribbean,Americas,"Puebla, Campeche, Quintana Roo, Yucatan, Veracruz, Chiapas, Oaxaca, Tabasco, Tamaulipas provinces",,,No,No,No,,150.0,Kph,,,,2000,9,29,2000,10,3,23.0,,30000.0,,30000.0,,,,,1000.0,1769.0,56.51429055927763,"[{""adm1_code"":2031,""adm1_name"":""Campeche""},{""adm1_code"":2032,""adm1_name"":""Chiapas""},{""adm1_code"":2047,""adm1_name"":""Oaxaca""},{""adm1_code"":2048,""adm1_name"":""Puebla""},{""adm1_code"":2050,""adm1_name"":""Quintana Roo""},{""adm1_code"":2054,""adm1_name"":""Tabasco""},{""adm1_code"":2055,""adm1_name"":""Tamaulipas""},{""adm1_code"":2057,""adm1_name"":""Veracruz""},{""adm1_code"":2058,""adm1_name"":""Yucatan""}]",2005-12-16,2023-09-25
2000-0652-USA,No,nat-met-sto-tro,Natural,Meteorological,Storm,Tropical cyclone,,Leslie,USA,United States of America,Northern America,Americas,"Miami-Dade, Monroe, Broward, Collier districts (Florida province)",,,No,No,No,,,Kph,,,,2000,10,4,2000,10,4,2.0,,14418.0,3015.0,17433.0,,,,,219000.0,387513.0,56.51429055927763,"[{""adm2_code"":29003,""adm2_name"":""Broward""},{""adm2_code"":29008,""adm2_name"":""Collier""},{""adm2_code"":29040,""adm2_name"":""Miami-Dade""},{""adm2_code"":29041,""adm2_name"":""Monroe""}]",2003-07-01,2023-09-25
2001-0242-USA,No,nat-met-sto-tro,Natural,Meteorological,Storm,Tropical cyclone,,Allison,USA,United States of America,Northern America,Americas,"Texas, Mississippi, Louisiana, Florida, Pennsylvania, South Carolina, North Carolina, Georgia, Pensylvania, New Jersey, Virginia, Iowa provinces",,Flood,No,No,Yes,,,Kph,,,,2001,6,5,2001,6,17,41.0,,102000.0,70000.0,172000.0,,,3500000.0,6022907.0,6000000.0,10324983.0,58.11147437438208,"[{""adm1_code"":3223,""adm1_name"":""Florida""},{""adm1_code"":3224,""adm1_name"":""Georgia""},{""adm1_code"":3229,""adm1_name"":""Iowa""},{""adm1_code"":3232,""adm1_name"":""Louisiana""},{""adm1_code"":3238,""adm1_name"":""Mississippi""},{""adm1_code"":3244,""adm1_name"":""New Jersey""},{""adm1_code"":3247,""adm1_name"":""North Carolina""},{""adm1_code"":3252,""adm1_name"":""Pennsylvania""},{""adm1_code"":3254,""adm1_name"":""South Carolina""},{""adm1_code"":3257,""adm1_name"":""Texas""},{""adm1_code"":3260,""adm1_name"":""Virginia""}]",2006-10-11,2023-09-25
2001-0488-MEX,No,nat-met-sto-tro,Natural,Meteorological,Storm,Tropical cyclone,,Dalila,MEX,Mexico,Latin America and the Caribbean,Americas,"Guerrero, Chiapas provinces",,,No,No,No,,,Kph,,,,2001,7,25,2001,7,25,,,100.0,,100.0,,,,,,,58.11147437438208,"[{""adm1_code"":2032,""adm1_name"":""Chiapas""},{""adm1_code"":2039,""adm1_name"":""Guerrero""}]",2003-07-01,2023-09-25
2001-0562-MEX,No,nat-met-sto-tro,Natural,Meteorological,Storm,Tropical cyclone,,Juliette,MEX,Mexico,Latin America and the Caribbean,Americas,Baja California Sur province,,,No,No,Yes,,120.0,Kph,,,,2001,9,24,2001,10,2,3.0,,3000.0,800.0,3800.0,,,150000.0,258125.0,400000.0,688332.0,58.11147437438208,"[{""adm1_code"":2030,""adm1_name"":""Baja California Sur""}]",2004-10-28,2023-09-25
2001-0570-MEX,No,nat-met-sto-tro,Natural,Meteorological,Storm,Tropical cyclone,,Iris,MEX,Mexico,Latin America and the Caribbean,Americas,Oaxaca province,,,No,No,No,,,Kph,,,,2001,10,4,2001,10,9,2.0,,,,,,,,,1000.0,1721.0,58.11147437438208,"[{""adm1_code"":2047,""adm1_name"":""Oaxaca""}]",2007-04-18,2023-09-25
2001-0572-MEX,No,nat-met-sto-tro,Natural,Meteorological,Storm,Tropical cyclone,,Lorena,MEX,Mexico,Latin America and the Caribbean,Americas,"Colima, Jalisco, Michoacan, Nayarit, Sinaloa provinces",,,No,No,No,,,Kph,,,,2001,10,3,2001,10,3,,,,,,,,,,,,58.11147437438208,"[{""adm1_code"":2035,""adm1_name"":""Colima""},{""adm1_code"":2041,""adm1_name"":""Jalisco""},{""adm1_code"":2043,""adm1_name"":""Michoacan""},{""adm1_code"":2045,""adm1_name"":""Nayarit""},{""adm1_code"":2052,""adm1_name"":""Sinaloa""}]",2003-07-01,2023-09-25
2001-0735-MEX,No,nat-met-sto-tro,Natural,Meteorological,Storm,Tropical cyclone,,Chantal,MEX,Mexico,Latin America and the Caribbean,Americas,Quintana Roo province,,,No,No,No,,100.0,Kph,,,,2001,8,21,2001,8,21,,,2500.0,,2500.0,,,,,,,58.11147437438208,"[{""adm1_code"":2050,""adm1_name"":""Quintana Roo""}]",2003-07-01,2023-09-25
2002-0609-MEX,No,nat-met-sto-tro,Natural,Meteorological,Storm,Tropical cyclone,,Isidore,MEX,Mexico,Latin America and the Caribbean,Americas,"Campeche, Quintana Roo, Yucatan provinces",,,Yes,No,No,,180.0,Kph,,,,2002,9,20,2002,9,20,13.0,30.0,500000.0,,500030.0,,,280000.0,474310.0,640000.0,1084137.0,59.03314407861422,"[{""adm1_code"":2031,""adm1_name"":""Campeche""},{""adm1_code"":2050,""adm1_name"":""Quintana Roo""},{""adm1_code"":2058,""adm1_name"":""Yucatan""}]",2005-12-16,2023-09-25
2002-0647-MEX,No,nat-met-sto-tro,Natural,Meteorological,Storm,Tropical cyclone,,Julio,MEX,Mexico,Latin America and the Caribbean,Americas,Acapulco De Juarez district (Guerrero province),,,No,No,No,,,Kph,,,,2002,9,25,2002,9,25,,,500.0,,500.0,,,,,,,59.03314407861422,"[{""adm2_code"":19922,""adm2_name"":""Acapulco De Juarez""}]",2003-07-01,2023-09-25
2002-0652-USA,No,nat-met-sto-tro,Natural,Meteorological,Storm,Tropical cyclone,,Isidore,USA,United States of America,Northern America,Americas,"Louisiane, Mississippi, Alabama, Tennessee provinces",,,No,No,No,,105.0,Kph,,,,2002,9,26,2002,9,27,1.0,,13200.0,,13200.0,,,200000.0,338793.0,300000.0,508189.0,59.03314407861422,"[{""adm1_code"":3214,""adm1_name"":""Alabama""},{""adm1_code"":3232,""adm1_name"":""Louisiana""},{""adm1_code"":3238,""adm1_name"":""Mississippi""},{""adm1_code"":3256,""adm1_name"":""Tennessee""}]",2008-03-21,2023-09-25
2002-0669-MEX,No,nat-met-sto-tro,Natural,Meteorological,Storm,Tropical cyclone,,Kenna,MEX,Mexico,Latin America and the Caribbean,Americas,"Nayarit, Jalisco, Sinaloa, Colima provinces",,,No,No,No,450.0,225.0,Kph,,,,2002,10,25,2002,10,26,3.0,200.0,8800.0,,9000.0,,,,,200000.0,338793.0,59.03314407861422,"[{""adm1_code"":2035,""adm1_name"":""Colima""},{""adm1_code"":2041,""adm1_name"":""Jalisco""},{""adm1_code"":2045,""adm1_name"":""Nayarit""},{""adm1_code"":2052,""adm1_name"":""Sinaloa""}]",2006-07-27,2023-09-25
2002-0724-USA,No,nat-met-sto-tro,Natural,Meteorological,Storm,Tropical cyclone,,Lili,USA,United States of America,Northern America,Americas,"St. Tammany, Terrebonne, Lafayette, Acadia, Evangeline, Rapides districts (Louisiana province)",,Flood,No,No,No,,0.0,Kph,,,,2002,10,3,2002,10,3,,,,,,,,750000.0,1270473.0,2000000.0,3387927.0,59.03314407861422,"[{""adm2_code"":29791,""adm2_name"":""Acadia""},{""adm2_code"":29810,""adm2_name"":""Evangeline""},{""adm2_code"":29819,""adm2_name"":""Lafayette""},{""adm2_code"":29830,""adm2_name"":""Rapides""},{""adm2_code"":29842,""adm2_name"":""St. Tammany""},{""adm2_code"":29845,""adm2_name"":""Terrebonne""}]",2008-03-21,2023-09-25
2003-0468-CAN,No,nat-met-sto-tro,Natural,Meteorological,Storm,Tropical cyclone,,Isabel,CAN,Canada,Northern America,Americas,Ontario province,,,No,No,No,,,Kph,,,,2003,9,18,2003,9,18,,,,,,,,,,,,60.37325106625937,"[{""adm1_code"":833,""adm1_name"":""Ontario""}]",2004-03-10,2023-09-25
2003-0468-USA,No,nat-met-sto-tro,Natural,Meteorological,Storm,Tropical cyclone,,Isabel,USA,United States of America,Northern America,Americas,"North Carolina, Maryland, Virginia, West Virginia, Delaware, Pennsylvania, New Jersey, District of Columbia provinces",,Flood,No,No,Yes,,170.0,Kph,,,,2003,9,18,2003,9,22,16.0,,225000.0,,225000.0,,,1685000.0,2790971.0,3370000.0,5581942.0,60.37325106625937,"[{""adm1_code"":3221,""adm1_name"":""Delaware""},{""adm1_code"":3222,""adm1_name"":""District of Columbia""},{""adm1_code"":3234,""adm1_name"":""Maryland""},{""adm1_code"":3244,""adm1_name"":""New Jersey""},{""adm1_code"":3247,""adm1_name"":""North Carolina""},{""adm1_code"":3252,""adm1_name"":""Pennsylvania""},{""adm1_code"":3260,""adm1_name"":""Virginia""},{""adm1_code"":3262,""adm1_name"":""West Virginia""}]",2006-01-13,2023-09-25
2003-0474-MEX,No,nat-met-sto-tro,Natural,Meteorological,Storm,Tropical cyclone,,Marty,MEX,Mexico,Latin America and the Caribbean,Americas,"Sonora, Sinaloa, Nayarit, Jalisco, Colima, Baja California Sur, Baja California provinces",,Flood|Rain,No,No,No,,166.0,Kph,,,,2003,9,22,2003,9,22,2.0,,6000.0,,6000.0,,,,,100000.0,165636.0,60.37325106625937,"[{""adm1_code"":2029,""adm1_name"":""Baja California""},{""adm1_code"":2030,""adm1_name"":""Baja California Sur""},{""adm1_code"":2035,""adm1_name"":""Colima""},{""adm1_code"":2041,""adm1_name"":""Jalisco""},{""adm1_code"":2045,""adm1_name"":""Nayarit""},{""adm1_code"":2052,""adm1_name"":""Sinaloa""},{""adm1_code"":2053,""adm1_name"":""Sonora""}]",2004-01-30,2023-09-25
2003-0487-CAN,No,nat-met-sto-tro,Natural,Meteorological,Storm,Tropical cyclone,,Juan,CAN,Canada,Northern America,Americas,"Nova Scotia, Prince Edward Island provinces",,Flood,No,No,Yes,,143.0,Kph,,,,2003,9,28,2003,9,29,2.0,,200.0,,200.0,,,,,110000.0,182200.0,60.37325106625937,"[{""adm1_code"":831,""adm1_name"":""Nova Scotia / Nouvelle-Écosse""},{""adm1_code"":834,""adm1_name"":""Prince Edward Island / Île-du-Prince-Édouard""}]",2004-03-10,2023-09-25
2003-0688-MEX,No,nat-met-sto-tro,Natural,Meteorological,Storm,Tropical cyclone,,Ignacio,MEX,Mexico,Latin America and the Caribbean,Americas,"La Paz, Agua Escondida areas (La Paz district, Baja California Sur province), Ciudad Constitucion area (Comondu district, Baja California Sur province)",,Rain,No,No,No,,,Kph,,,,2003,8,24,2003,8,27,2.0,,3000.0,,3000.0,,,,,,,60.37325106625937,"[{""adm2_code"":19556,""adm2_name"":""Comondu""},{""adm2_code"":19573,""adm2_name"":""La Paz""}]",2004-03-01,2023-09-25
2003-0782-USA,No,nat-met-sto-tro,Natural,Meteorological,Storm,Tropical cyclone,,Bill,USA,United States of America,Northern America,Americas,"Orleans, St. John the Baptist, Terrebonne, St. Tammany, Tangipahoa districts (Louisiana province), Hancock, Harrison, Jackson, Pike, Walthall districts (Mississippi province), Bay district (Florida province), Mobile, Baldwin, Lee districts (Alabama province), Sumter, Bulloch, Fulton, DeKalb, Cobb, Clayton, Gwinnett districts (Georgia province), Wake district (North Carolina province)",,Flood,No,No,Yes,,95.0,Kph,,,,2003,6,30,2003,6,30,4.0,4.0,,,4.0,,,22000.0,36440.0,50000.0,82818.0,60.37325106625937,"[{""adm2_code"":28692,""adm2_name"":""Baldwin""},{""adm2_code"":28731,""adm2_name"":""Lee""},{""adm2_code"":28739,""adm2_name"":""Mobile""},{""adm2_code"":29000,""adm2_name"":""Bay""},{""adm2_code"":29080,""adm2_name"":""Bulloch""},{""adm2_code"":29095,""adm2_name"":""Clayton""},{""adm2_code"":29097,""adm2_name"":""Cobb""},{""adm2_code"":29108,""adm2_name"":""DeKalb""},{""adm2_code"":29124,""adm2_name"":""Fulton""},{""adm2_code"":29131,""adm2_name"":""Gwinnett""},{""adm2_code"":29193,""adm2_name"":""Sumter""},{""adm2_code"":29826,""adm2_name"":""Orleans""},{""adm2_code"":29838,""adm2_name"":""St. John the Baptist""},{""adm2_code"":29842,""adm2_name"":""St. Tammany""},{""adm2_code"":29843,""adm2_name"":""Tangipahoa""},{""adm2_code"":29845,""adm2_name"":""Terrebonne""},{""adm2_code"":30101,""adm2_name"":""Hancock""},{""adm2_code"":30102,""adm2_name"":""Harrison""},{""adm2_code"":30108,""adm2_name"":""Jackson""},{""adm2_code"":30135,""adm2_name"":""Pike""},{""adm2_code"":30152,""adm2_name"":""Walthall""},{""adm2_code"":30658,""adm2_name"":""Wake""}]",2004-03-03,2023-09-25
2004-0415-USA,No,nat-met-sto-tro,Natural,Meteorological,Storm,Tropical cyclone,,Charley,USA,United States of America,Northern America,Americas,"Bay, Calhoun, Escambia, Franklin, Gadsden, Gulf, Holmes, Jackson, Jefferson, Leon, Liberty, Madison, Okaloosa, Santa Rosa, Taylor, Wakulla, Walton, Washington districts (Florida province), South Carolina, North Carolina provinces",,Transport accident,No,No,Yes,,230.0,Kph,,,,2004,8,13,2004,8,13,10.0,,30000.0,,30000.0,,,7600000.0,12260124.0,16000000.0,25810787.0,61.98958593432169,"[{""adm1_code"":3247,""adm1_name"":""North Carolina""},{""adm1_code"":3254,""adm1_name"":""South Carolina""},{""adm2_code"":29000,""adm2_name"":""Bay""},{""adm2_code"":29004,""adm2_name"":""Calhoun""},{""adm2_code"":29013,""adm2_name"":""Escambia""},{""adm2_code"":29015,""adm2_name"":""Franklin""},{""adm2_code"":29016,""adm2_name"":""Gadsden""},{""adm2_code"":29019,""adm2_name"":""Gulf""},{""adm2_code"":29026,""adm2_name"":""Holmes""},{""adm2_code"":29028,""adm2_name"":""Jackson""},{""adm2_code"":29029,""adm2_name"":""Jefferson""},{""adm2_code"":29033,""adm2_name"":""Leon""},{""adm2_code"":29035,""adm2_name"":""Liberty""},{""adm2_code"":29036,""adm2_name"":""Madison""},{""adm2_code"":29043,""adm2_name"":""Okaloosa""},{""adm2_code"":29052,""adm2_name"":""Santa Rosa""},{""adm2_code"":29059,""adm2_name"":""Taylor""},{""adm2_code"":29062,""adm2_name"":""Wakulla""},{""adm2_code"":29063,""adm2_name"":""Walton""},{""adm2_code"":29064,""adm2_name"":""Washington""}]",2004-08-27,2023-09-25
2004-0448-USA,No,nat-met-sto-tro,Natural,Meteorological,Storm,Tropical cyclone,,Gaston,USA,United States of America,Northern America,Americas,"Richmond, Lynchburg, Chesterfield districts (Virginia province), South Carolina, North Carolina provinces",,Flood,No,No,Yes,,,Kph,,,,2004,8,29,2004,8,30,7.0,,,,,,,62500.0,100823.0,62500.0,100823.0,61.98958593432169,"[{""adm1_code"":3247,""adm1_name"":""North Carolina""},{""adm1_code"":3254,""adm1_name"":""South Carolina""},{""adm2_code"":31523,""adm2_name"":""Chesterfield""},{""adm2_code"":31571,""adm2_name"":""Lynchburg""},{""adm2_code"":31601,""adm2_name"":""Richmond""}]",2005-03-23,2023-09-25
2004-0455-USA,No,nat-met-sto-tro,Natural,Meteorological,Storm,Tropical cyclone,,Frances,USA,United States of America,Northern America,Americas,"Martin, Palm Beach districts (Florida province), North Carolina, South Carolina, Ohio provinces",,Rain,No,No,Yes,,,Kph,,,,2004,9,5,2004,9,5,47.0,,5000000.0,,5000000.0,,,5000000.0,8065871.0,11000000.0,17744916.0,61.98958593432169,"[{""adm1_code"":3247,""adm1_name"":""North Carolina""},{""adm1_code"":3249,""adm1_name"":""Ohio""},{""adm1_code"":3254,""adm1_name"":""South Carolina""},{""adm2_code"":29039,""adm2_name"":""Martin""},{""adm2_code"":29047,""adm2_name"":""Palm Beach""}]",2004-10-08,2023-09-25
2004-0462-USA,No,nat-met-sto-tro,Natural,Meteorological,Storm,Tropical cyclone,,Ivan,USA,United States of America,Northern America,Americas,"Alabama, Louisiana, Mississippi, Florida, Pennsylvania, Maryland, New Jersey, Ohio, North Carolina, West Virginia, Georgia, Tennessee provinces",,"Flood|Slide (land, mud, snow, rock)",No,No,Yes,,,Kph,,,,2004,9,15,2004,9,16,52.0,,,,,,,12000000.0,19358090.0,18000000.0,29037135.0,61.98958593432169,"[{""adm1_code"":3214,""adm1_name"":""Alabama""},{""adm1_code"":3223,""adm1_name"":""Florida""},{""adm1_code"":3224,""adm1_name"":""Georgia""},{""adm1_code"":3232,""adm1_name"":""Louisiana""},{""adm1_code"":3234,""adm1_name"":""Maryland""},{""adm1_code"":3238,""adm1_name"":""Mississippi""},{""adm1_code"":3244,""adm1_name"":""New Jersey""},{""adm1_code"":3247,""adm1_name"":""North Carolina""},{""adm1_code"":3249,""adm1_name"":""Ohio""},{""adm1_code"":3252,""adm1_name"":""Pennsylvania""},{""adm1_code"":3256,""adm1_name"":""Tennessee""},{""adm1_code"":3262,""adm1_name"":""West Virginia""}]",2006-10-11,2023-09-25
2004-0473-USA,No,nat-met-sto-tro,Natural,Meteorological,Storm,Tropical cyclone,,Jeanne,USA,United States of America,Northern America,Americas,Florida province,,,No,No,Yes,,,Kph,,,,2004,9,25,2004,9,26,6.0,,40000.0,,40000.0,,,4900000.0,7904554.0,8000000.0,12905394.0,61.98958593432169,"[{""adm1_code"":3223,""adm1_name"":""Florida""}]",2004-10-04,2023-09-25
2004-0473-VIR,No,nat-met-sto-tro,Natural,Meteorological,Storm,Tropical cyclone,,Jeanne,VIR,United States Virgin Islands,Latin America and the Caribbean,Americas,"Saint Thomas, Saint John, Saint Croix provinces",,,No,No,No,,130.0,Kph,,,,2004,9,15,2004,9,15,,,,,,,,,,,,61.98958593432169,"[{""adm1_code"":39508,""adm1_name"":""Saint Croix (County Equivalent)""},{""adm1_code"":39509,""adm1_name"":""Saint John (County Equivalent)""},{""adm1_code"":39510,""adm1_name"":""Saint Thomas (County Equivalent)""}]",2004-09-20,2023-09-25
2005-0351-USA,No,nat-met-sto-tro,Natural,Meteorological,Storm,Tropical cyclone,,"Hurricane ""Dennis""",USA,United States of America,Northern America,Americas,"Florida, Georgia provinces",,,No,No,Yes,,,Kph,,,,2005,7,10,2005,7,10,5.0,,,,,,,1115000.0,1739667.0,2230000.0,3479333.0,64.09274025742687,"[{""adm1_code"":3223,""adm1_name"":""Florida""},{""adm1_code"":3224,""adm1_name"":""Georgia""}]",2005-07-24,2023-09-25
2005-0382-MEX,No,nat-met-sto-tro,Natural,Meteorological,Storm,Tropical cyclone,,Emily,MEX,Mexico,Latin America and the Caribbean,Americas,"Playa del Carmen, Cozumel areas (Cozumel district, Quintana Roo province), Merida, Tizimin districts (Yucatan province)",,,No,No,No,,,Kph,,,,2005,7,18,2005,7,18,2.0,,,,,,,250000.0,390060.0,400000.0,624096.0,64.09274025742687,"[{""adm2_code"":20811,""adm2_name"":""Cozumel""},{""adm2_code"":21325,""adm2_name"":""Merida""},{""adm2_code"":21370,""adm2_name"":""Tizimin""}]",2005-07-21,2023-09-25
2005-0467-USA,No,nat-met-sto-tro,Natural,Meteorological,Storm,Tropical cyclone,,Katrina,USA,United States of America,Northern America,Americas,"Mobile, Bayou La Batre, Dauphin Island, Coden areas (Mobile district, Alabama province), New Orleans city (Orleans district, Louisiana province), Slidell area (St. Tammany district, Louisiana province), St. Bernard district (Louisiana province), Biloxi, Gulfport cities (Harrison district, Mississippi province), Pascagoula city (Jackson district, Mississippi province), Waveland, Bay St. Louis cities (Hancock district, Mississippi province), Georgia, Florida provinces",,Broken Dam/Burst bank|Flood,No,No,Yes,,280.0,Kph,,,,2005,8,29,2005,9,19,1833.0,,500000.0,,500000.0,,,60000000.0,93614347.0,125000000.0,195029889.0,64.09274025742687,"[{""adm1_code"":3223,""adm1_name"":""Florida""},{""adm1_code"":3224,""adm1_name"":""Georgia""},{""adm2_code"":28739,""adm2_name"":""Mobile""},{""adm2_code"":29826,""adm2_name"":""Orleans""},{""adm2_code"":29834,""adm2_name"":""St. Bernard""},{""adm2_code"":29842,""adm2_name"":""St. Tammany""},{""adm2_code"":30101,""adm2_name"":""Hancock""},{""adm2_code"":30102,""adm2_name"":""Harrison""},{""adm2_code"":30108,""adm2_name"":""Jackson""}]",2007-04-20,2023-09-25
2005-0524-MEX,No,nat-met-sto-tro,Natural,Meteorological,Storm,Tropical cyclone,,Bret,MEX,Mexico,Latin America and the Caribbean,Americas,"Naranjal, Chinampa De Gorostiza districts (Veracruz province)",,Flood,No,No,No,,65.0,Kph,,,,2005,6,29,2005,6,30,2.0,,15000.0,,15000.0,,,,,10000.0,15602.0,64.09274025742687,"[{""adm2_code"":21113,""adm2_name"":""Chinampa De Gorostiza""},{""adm2_code"":21188,""adm2_name"":""Naranjal""}]",2006-03-16,2023-09-25
2005-0547-USA,No,nat-met-sto-tro,Natural,Meteorological,Storm,Tropical cyclone,,Rita,USA,United States of America,Northern America,Americas,"Louisiana, Texas, Mississippi provinces",,Flood,No,No,Yes,,280.0,Kph,,,"Vermillion, Calcasieu, Mermentau, Amite, Sabine, Neches",2005,9,23,2005,10,1,10.0,,300000.0,,300000.0,,,11300000.0,17630702.0,16000000.0,24963826.0,64.09274025742687,"[{""adm1_code"":3232,""adm1_name"":""Louisiana""},{""adm1_code"":3238,""adm1_name"":""Mississippi""},{""adm1_code"":3257,""adm1_name"":""Texas""}]",2006-03-16,2023-09-25
2005-0567-MEX,No,nat-met-sto-tro,Natural,Meteorological,Storm,Tropical cyclone,,Stan,MEX,Mexico,Latin America and the Caribbean,Americas,"Chiapas, Oaxaca, Veracruz, Puebla, Hidalgo, Tabasco provinces",,Rain,No,No,Yes,,130.0,Kph,,,,2005,10,1,2005,10,13,36.0,,1954571.0,,1954571.0,,,,,2500000.0,3900598.0,64.09274025742687,"[{""adm1_code"":2032,""adm1_name"":""Chiapas""},{""adm1_code"":2040,""adm1_name"":""Hidalgo""},{""adm1_code"":2047,""adm1_name"":""Oaxaca""},{""adm1_code"":2048,""adm1_name"":""Puebla""},{""adm1_code"":2054,""adm1_name"":""Tabasco""},{""adm1_code"":2057,""adm1_name"":""Veracruz""}]",2007-02-15,2023-09-25
2005-0585-MEX,No,nat-met-sto-tro,Natural,Meteorological,Storm,Tropical cyclone,,"Hurricane ""Wilma""",MEX,Mexico,Latin America and the Caribbean,Americas,"Benito Juarez, Isla Mujeres, Cozumel districts (Quintana Roo province)",,Rain,Yes,No,Yes,,,Kph,,,,2005,10,19,2005,10,24,7.0,,700000.0,300000.0,1000000.0,,,1800000.0,2808430.0,5000000.0,7801196.0,64.09274025742687,"[{""adm2_code"":20810,""adm2_name"":""Benito Juarez""},{""adm2_code"":20811,""adm2_name"":""Cozumel""},{""adm2_code"":20815,""adm2_name"":""Isla Mujeres""}]",2007-02-15,2023-09-25
2005-0585-USA,No,nat-met-sto-tro,Natural,Meteorological,Storm,Tropical cyclone,,"Hurricane ""Wilma""",USA,United States of America,Northern America,Americas,"Florida Keys, Naples areas (Collier district, Florida province)",,Flood|Rain,No,No,Yes,,165.0,Kph,,,,2005,10,24,2005,10,24,4.0,,30000.0,,30000.0,,,10350000.0,16148475.0,14300000.0,22311419.0,64.09274025742687,"[{""adm2_code"":29008,""adm2_name"":""Collier""}]",2005-11-17,2023-09-25
2006-0466-USA,No,nat-met-sto-tro,Natural,Meteorological,Storm,Tropical cyclone,,Ernesto,USA,United States of America,Northern America,Americas,"South Carolina, North Carolina, Virginia provinces",,Flood,No,No,No,,119.0,Kph,34.74,-77.87,,2006,8,2,2006,9,7,6.0,,140.0,,140.0,,,,,32860.0,49667.0,66.16033056179792,"[{""adm1_code"":3247,""adm1_name"":""North Carolina""},{""adm1_code"":3254,""adm1_name"":""South Carolina""},{""adm1_code"":3260,""adm1_name"":""Virginia""}]",2007-01-08,2023-09-25
2006-0483-MEX,No,nat-met-sto-tro,Natural,Meteorological,Storm,Tropical cyclone,,John,MEX,Mexico,Latin America and the Caribbean,Americas,"Comondu, La Paz districts (Baja California Sur province)",,"Flood|Slide (land, mud, snow, rock)",No,No,No,,215.0,Kph,25.35,-111.81,,2006,9,2,2006,9,4,7.0,,10000.0,,10000.0,,,,,,,66.16033056179792,"[{""adm2_code"":19556,""adm2_name"":""Comondu""},{""adm2_code"":19573,""adm2_name"":""La Paz""}]",2007-01-07,2023-09-25
2006-0505-MEX,No,nat-met-sto-tro,Natural,Meteorological,Storm,Tropical cyclone,,Lane,MEX,Mexico,Latin America and the Caribbean,Americas,"Culiacan, Elota, Mazatlan, Escuinapa, El Rosario, San Ignacio, Salvador Alvarado, Concordia, Cosala districts (Sinaloa province)",,"Flood|Slide (land, mud, snow, rock)",No,No,No,,250.0,Kph,24.47,-107.04,,2006,9,16,2006,9,18,4.0,,240700.0,,240700.0,,,,,2700.0,4081.0,66.16033056179792,"[{""adm2_code"":20879,""adm2_name"":""Concordia""},{""adm2_code"":20880,""adm2_name"":""Cosala""},{""adm2_code"":20881,""adm2_name"":""Culiacan""},{""adm2_code"":20883,""adm2_name"":""El Rosario""},{""adm2_code"":20884,""adm2_name"":""Elota""},{""adm2_code"":20885,""adm2_name"":""Escuinapa""},{""adm2_code"":20891,""adm2_name"":""Mazatlan""},{""adm2_code"":20893,""adm2_name"":""Salvador Alvarado""},{""adm2_code"":20894,""adm2_name"":""San Ignacio""}]",2007-01-07,2023-09-25
2006-0604-MEX,No,nat-met-sto-tro,Natural,Meteorological,Storm,Tropical cyclone,,Paul,MEX,Mexico,Latin America and the Caribbean,Americas,"La Reforma area (Culiacan district, Sinaloa province)",,Flood,No,No,No,,,Kph,24.93,-107.53,,2006,10,25,2006,10,28,4.0,,20000.0,,20000.0,,,,,,,66.16033056179792,"[{""adm2_code"":20881,""adm2_name"":""Culiacan""}]",2007-01-07,2023-09-25
2007-0359-USA,No,nat-met-sto-tro,Natural,Meteorological,Storm,Tropical cyclone,,Erin,USA,United States of America,Northern America,Americas,"Texas, Oklahoma, Missouri provinces",,Flood,No,No,No,,132.0,Kph,,,,2007,8,16,2007,8,19,7.0,,,,,,,,,,,68.0476738315874,"[{""adm1_code"":3239,""adm1_name"":""Missouri""},{""adm1_code"":3250,""adm1_name"":""Oklahoma""},{""adm1_code"":3257,""adm1_name"":""Texas""}]",2008-03-11,2023-09-25
2007-0360-MEX,No,nat-met-sto-tro,Natural,Meteorological,Storm,Tropical cyclone,GLIDE:TC-2007-000135,Dean,MEX,Mexico,Latin America and the Caribbean,Americas,"Yucatan, Quintana Roo, Campeche, Veracruz, Hidalgo, Puebla provinces",,Flood,Yes,No,Yes,,265.0,Kph,14.54,-61.02,,2007,8,21,2007,8,24,9.0,,140000.0,,140000.0,,,475000.0,698040.0,600000.0,881735.0,68.0476738315874,"[{""adm1_code"":2031,""adm1_name"":""Campeche""},{""adm1_code"":2040,""adm1_name"":""Hidalgo""},{""adm1_code"":2048,""adm1_name"":""Puebla""},{""adm1_code"":2050,""adm1_name"":""Quintana Roo""},{""adm1_code"":2057,""adm1_name"":""Veracruz""},{""adm1_code"":2058,""adm1_name"":""Yucatan""}]",2007-12-15,2023-09-25
2007-0439-MEX,No,nat-met-sto-tro,Natural,Meteorological,Storm,Tropical cyclone,GLIDE:TC-2007-000150,Felix,MEX,Mexico,Latin America and the Caribbean,Americas,"Veracruz, Tamaulipas, San Luis Potosi provinces",,Flood,No,No,No,,,Kph,14.62,-83.64,,2007,9,4,2007,9,6,,,,30000.0,30000.0,,,,,,,68.0476738315874,"[{""adm1_code"":2051,""adm1_name"":""San Luis Potosi""},{""adm1_code"":2055,""adm1_name"":""Tamaulipas""},{""adm1_code"":2057,""adm1_name"":""Veracruz""}]",2008-08-04,2023-09-25
2007-0464-MEX,No,nat-met-sto-tro,Natural,Meteorological,Storm,Tropical cyclone,,Lorenzo,MEX,Mexico,Latin America and the Caribbean,Americas,"Veracruz, Puebla provinces",,"Flood|Slide (land, mud, snow, rock)",No,No,No,,,Kph,20.93,-97.85,,2007,9,28,2007,10,1,5.0,,33000.0,,33000.0,,,,,,,68.0476738315874,"[{""adm1_code"":2048,""adm1_name"":""Puebla""},{""adm1_code"":2057,""adm1_name"":""Veracruz""}]",2007-10-04,2023-09-25
2007-0671-MEX,No,nat-met-sto-tro,Natural,Meteorological,Storm,Tropical cyclone,,Henriette,MEX,Mexico,Latin America and the Caribbean,Americas,"Acapulco De Juarez district (Guerrero province), Oaxaca, Michoacan, Colima, Jalisco provinces",,,No,No,No,,,Kph,,,,2007,9,1,2007,9,1,6.0,,,,,,,,,,,68.0476738315874,"[{""adm1_code"":2035,""adm1_name"":""Colima""},{""adm1_code"":2041,""adm1_name"":""Jalisco""},{""adm1_code"":2043,""adm1_name"":""Michoacan""},{""adm1_code"":2047,""adm1_name"":""Oaxaca""},{""adm2_code"":19922,""adm2_name"":""Acapulco De Juarez""}]",2008-01-10,2023-09-25
2008-0304-MEX,No,nat-met-sto-tro,Natural,Meteorological,Storm,Tropical cyclone,GLIDE:TC-2008-000111,Hurricane Dolly,MEX,Mexico,Latin America and the Caribbean,Americas,"Tamaulipas, Veracruz, Yucatan, San Luis Potosi, Nuevo Leon, Coahuila provinces",,"Flood|Slide (land, mud, snow, rock)",No,No,No,,160.0,Kph,,,,2008,7,20,2008,7,21,2.0,,500000.0,,500000.0,,,,,75000.0,106142.0,70.66008903450533,"[{""adm1_code"":2034,""adm1_name"":""Coahuila""},{""adm1_code"":2046,""adm1_name"":""Nuevo Leon""},{""adm1_code"":2051,""adm1_name"":""San Luis Potosi""},{""adm1_code"":2055,""adm1_name"":""Tamaulipas""},{""adm1_code"":2057,""adm1_name"":""Veracruz""},{""adm1_code"":2058,""adm1_name"":""Yucatan""}]",2009-01-06,2023-09-25
2008-0304-USA,No,nat-met-sto-tro,Natural,Meteorological,Storm,Tropical cyclone,GLIDE:TC-2008-000111,Hurricane Dolly,USA,United States of America,Northern America,Americas,"Panama city beach (Bay district, Florida province), Aransas, Bexar, Brooks, Calhoun, Cameron, Hidalgo, Jim Wells, Kenedy, Kleberg, Nueces, Refugio, San Patricio, Starr, Victoria, Willacy districts (Texas province)",,Flood|Transport accident,No,No,Yes,,160.0,Kph,,,,2008,7,23,2008,7,23,,,,,,,,600000.0,849136.0,1200000.0,1698271.0,70.66008903450533,"[{""adm2_code"":29000,""adm2_name"":""Bay""},{""adm2_code"":31203,""adm2_name"":""Aransas""},{""adm2_code"":31214,""adm2_name"":""Bexar""},{""adm2_code"":31223,""adm2_name"":""Brooks""},{""adm2_code"":31228,""adm2_name"":""Calhoun""},{""adm2_code"":31230,""adm2_name"":""Cameron""},{""adm2_code"":31307,""adm2_name"":""Hidalgo""},{""adm2_code"":31324,""adm2_name"":""Jim Wells""},{""adm2_code"":31330,""adm2_name"":""Kenedy""},{""adm2_code"":31336,""adm2_name"":""Kleberg""},{""adm2_code"":31377,""adm2_name"":""Nueces""},{""adm2_code"":31395,""adm2_name"":""Refugio""},{""adm2_code"":31404,""adm2_name"":""San Patricio""},{""adm2_code"":31413,""adm2_name"":""Starr""},{""adm2_code"":31434,""adm2_name"":""Victoria""},{""adm2_code"":31444,""adm2_name"":""Willacy""}]",2009-01-06,2023-09-25
2008-0338-USA,No,nat-met-sto-tro,Natural,Meteorological,Storm,Tropical cyclone,,"Tropical Storm ""Fay""",USA,United States of America,Northern America,Americas,"Florida, Georgia, Alabama, Mississippi provinces",,Flood,No,No,Yes,,100.0,Kph,,,,2008,8,20,2008,8,28,12.0,,400.0,,400.0,,,,,180000.0,254741.0,70.66008903450533,"[{""adm1_code"":3214,""adm1_name"":""Alabama""},{""adm1_code"":3223,""adm1_name"":""Florida""},{""adm1_code"":3224,""adm1_name"":""Georgia""},{""adm1_code"":3238,""adm1_name"":""Mississippi""}]",2009-01-06,2023-09-25
2008-0352-USA,No,nat-met-sto-tro,Natural,Meteorological,Storm,Tropical cyclone,GLIDE:TC-2008-000143,"Hurricane ""Gustav""",USA,United States of America,Northern America,Americas,"Louisiana, Mississippi, Texas, Alabama provinces",,,No,No,No,,,Kph,,,,2008,9,1,2008,9,1,43.0,,2100000.0,,2100000.0,,,3500000.0,4953291.0,7000000.0,9906582.0,70.66008903450533,"[{""adm1_code"":3214,""adm1_name"":""Alabama""},{""adm1_code"":3232,""adm1_name"":""Louisiana""},{""adm1_code"":3238,""adm1_name"":""Mississippi""},{""adm1_code"":3257,""adm1_name"":""Texas""}]",2009-01-14,2023-09-25
2008-0378-USA,No,nat-met-sto-tro,Natural,Meteorological,Storm,Tropical cyclone,,Hurricane 'Hanna',USA,United States of America,Northern America,Americas,"Florida, North Carolina, Maryland provinces",,,No,No,Yes,,,Kph,,,,2008,8,28,2008,8,28,7.0,,,,,,,,,160000.0,226436.0,70.66008903450533,"[{""adm1_code"":3223,""adm1_name"":""Florida""},{""adm1_code"":3234,""adm1_name"":""Maryland""},{""adm1_code"":3247,""adm1_name"":""North Carolina""}]",2009-01-12,2023-09-25
2008-0384-USA,No,nat-met-sto-tro,Natural,Meteorological,Storm,Tropical cyclone,,Hurricane Ike,USA,United States of America,Northern America,Americas,"Galveston, Brazoria, Harris, Chambers, Jefferson districts (Texas province), Louisiana, Tennessee, Arkansas, Ohio, Indiana, Illinois, Missouri, Kentucky, Pennsylvania, Michigan provinces",,Flood,No,No,No,,200.0,Kph,35.05,-90.45,,2008,9,12,2008,9,16,82.0,,200000.0,,200000.0,,,15000000.0,21228391.0,30000000.0,42456782.0,70.66008903450533,"[{""adm1_code"":3217,""adm1_name"":""Arkansas""},{""adm1_code"":3227,""adm1_name"":""Illinois""},{""adm1_code"":3228,""adm1_name"":""Indiana""},{""adm1_code"":3231,""adm1_name"":""Kentucky""},{""adm1_code"":3232,""adm1_name"":""Louisiana""},{""adm1_code"":3236,""adm1_name"":""Michigan""},{""adm1_code"":3239,""adm1_name"":""Missouri""},{""adm1_code"":3249,""adm1_name"":""Ohio""},{""adm1_code"":3252,""adm1_name"":""Pennsylvania""},{""adm1_code"":3256,""adm1_name"":""Tennessee""},{""adm2_code"":31219,""adm2_name"":""Brazoria""},{""adm2_code"":31235,""adm2_name"":""Chambers""},{""adm2_code"":31283,""adm2_name"":""Galveston""},{""adm2_code"":31300,""adm2_name"":""Harris""},{""adm2_code"":31322,""adm2_name"":""Jefferson""}]",2008-11-18,2023-09-25
2008-0600-USA,No,nat-met-sto-ext,Natural,Meteorological,Storm,Extra-tropical storm,,,USA,United States of America,Northern America,Americas,"Arkansas, California, Colorado, Illinois, Indiana, Kansas, Michigan, Missouri, New York, Ohio, Oklahoma, Oregon, Washington, Wisconsin provinces",,,No,No,No,,175.0,Kph,,,,2008,1,4,2008,1,9,12.0,,,,,,,745000.0,1054343.0,1000000.0,1415226.0,70.66008903450533,"[{""adm1_code"":3217,""adm1_name"":""Arkansas""},{""adm1_code"":3218,""adm1_name"":""California""},{""adm1_code"":3219,""adm1_name"":""Colorado""},{""adm1_code"":3227,""adm1_name"":""Illinois""},{""adm1_code"":3228,""adm1_name"":""Indiana""},{""adm1_code"":3230,""adm1_name"":""Kansas""},{""adm1_code"":3236,""adm1_name"":""Michigan""},{""adm1_code"":3239,""adm1_name"":""Missouri""},{""adm1_code"":3246,""adm1_name"":""New York""},{""adm1_code"":3249,""adm1_name"":""Ohio""},{""adm1_code"":3250,""adm1_name"":""Oklahoma""},{""adm1_code"":3251,""adm1_name"":""Oregon""},{""adm1_code"":3261,""adm1_name"":""Washington""},{""adm1_code"":3263,""adm1_name"":""Wisconsin""}]",2009-03-02,2023-09-25
2009-0342-CAN,No,nat-met-sto-tro,Natural,Meteorological,Storm,Tropical cyclone,,Hurricane Bill,CAN,Canada,Northern America,Americas,"Nova Scotia, Newfoundland and Labrador provinces",,,No,No,No,,,Kph,,,,2009,8,23,2009,8,23,,3.0,,,3.0,,,,,,,70.40886175693409,"[{""adm1_code"":829,""adm1_name"":""Newfoundland and Labrador / Terre-Neuve-et-Labrador""},{""adm1_code"":831,""adm1_name"":""Nova Scotia / Nouvelle-Écosse""}]",2009-09-10,2023-09-25
2009-0342-USA,No,nat-met-sto-tro,Natural,Meteorological,Storm,Tropical cyclone,,Hurricane Bill,USA,United States of America,Northern America,Americas,Maine province,,Surge,No,No,No,,,Kph,,,,2009,8,23,2009,8,23,3.0,9.0,,,9.0,,,,,,,70.40886175693409,"[{""adm1_code"":3233,""adm1_name"":""Maine""}]",2009-09-10,2023-09-25
2009-0384-MEX,No,nat-met-sto-tro,Natural,Meteorological,Storm,Tropical cyclone,GLIDE:TC-2009-000167,Hurricane Jimena,MEX,Mexico,Latin America and the Caribbean,Americas,"Loreto district (Zacatecas province), Comondu, Mulege, Baja California Sur districts (Baja California Sur province)",,"Flood|Slide (land, mud, snow, rock)",Yes,No,Yes,,206.0,Kph,,,,2009,9,2,2009,9,3,4.0,,72000.0,,72000.0,,,,,40000.0,56811.0,70.40886175693409,"[{""adm2_code"":19555,""adm2_name"":""Baja California Sur""},{""adm2_code"":19556,""adm2_name"":""Comondu""},{""adm2_code"":19574,""adm2_name"":""Mulege""},{""adm2_code"":21406,""adm2_name"":""Loreto""}]",2010-08-16,2023-09-25
2009-0477-MEX,No,nat-met-sto-tro,Natural,Meteorological,Storm,Tropical cyclone,GLIDE:TC-2009-000232,"Hurricane ""Ida""",MEX,Mexico,Latin America and the Caribbean,Americas,Tabasco province,,,No,No,Yes,,,Kph,,,,2009,11,8,2009,11,8,,,40000.0,,40000.0,,,,,,,70.40886175693409,"[{""adm1_code"":2054,""adm1_name"":""Tabasco""}]",2014-07-28,2023-09-25
2009-0477-USA,No,nat-met-sto-tro,Natural,Meteorological,Storm,Tropical cyclone,GLIDE:TC-2009-000232,"Hurricane ""Ida""",USA,United States of America,Northern America,Americas,"Kent, Sussex districts (Delaware province), Atlantic, Burlington, Cape May, Cumberland, Monmouth, Ocean districts (New Jersey province), Virginia, New York, North Carolina, Pennsylvannia provinces",,Flood,No,No,Yes,,,Kph,,,,2009,11,9,2009,11,10,6.0,,,,,,,,,600000.0,852165.0,70.40886175693409,"[{""adm1_code"":3246,""adm1_name"":""New York""},{""adm1_code"":3247,""adm1_name"":""North Carolina""},{""adm1_code"":3252,""adm1_name"":""Pennsylvania""},{""adm1_code"":3260,""adm1_name"":""Virginia""},{""adm2_code"":28994,""adm2_name"":""Kent""},{""adm2_code"":28996,""adm2_name"":""Sussex""},{""adm2_code"":30451,""adm2_name"":""Atlantic""},{""adm2_code"":30453,""adm2_name"":""Burlington""},{""adm2_code"":30455,""adm2_name"":""Cape May""},{""adm2_code"":30456,""adm2_name"":""Cumberland""},{""adm2_code"":30463,""adm2_name"":""Monmouth""},{""adm2_code"":30465,""adm2_name"":""Ocean""}]",2010-01-12,2023-09-25
2010-0260-MEX,No,nat-met-sto-tro,Natural,Meteorological,Storm,Tropical cyclone,,"Tropical storm ""Alex""",MEX,Mexico,Latin America and the Caribbean,Americas,"Nuevo Leon, Coahuila, Tamaulipas, Oaxaca provinces",,Flood,Yes,No,Yes,224.0,135.0,Kph,,,,2010,6,30,2010,7,7,22.0,,170000.0,,170000.0,,,,,2000000.0,2794717.0,71.56359557518887,"[{""adm1_code"":2034,""adm1_name"":""Coahuila""},{""adm1_code"":2046,""adm1_name"":""Nuevo Leon""},{""adm1_code"":2047,""adm1_name"":""Oaxaca""},{""adm1_code"":2055,""adm1_name"":""Tamaulipas""}]",2014-07-28,2023-09-25
2010-0426-MEX,No,nat-met-sto-tro,Natural,Meteorological,Storm,Tropical cyclone,,Hurricane Frank,MEX,Mexico,Latin America and the Caribbean,Americas,"Oaxaca, Tabasco, Veracruz provinces",,"Flood|Slide (land, mud, snow, rock)",No,No,Yes,,,Kph,,,,2010,8,23,2010,8,24,6.0,,154000.0,,154000.0,,,,,,,71.56359557518887,"[{""adm1_code"":2047,""adm1_name"":""Oaxaca""},{""adm1_code"":2054,""adm1_name"":""Tabasco""},{""adm1_code"":2057,""adm1_name"":""Veracruz""}]",2010-08-31,2023-09-25
2010-0468-USA,No,nat-met-sto-tro,Natural,Meteorological,Storm,Tropical cyclone,,Hurricane Earl,USA,United States of America,Northern America,Americas,"North Carolina, Virginia, Maryland, Massachusetts, Rhode Island provinces",,Rain,No,No,Yes,,,Kph,,,,2010,9,3,2010,9,3,1.0,,,,,,,,,100000.0,139736.0,71.56359557518887,"[{""adm1_code"":3234,""adm1_name"":""Maryland""},{""adm1_code"":3235,""adm1_name"":""Massachusetts""},{""adm1_code"":3247,""adm1_name"":""North Carolina""},{""adm1_code"":3253,""adm1_name"":""Rhode Island""},{""adm1_code"":3260,""adm1_name"":""Virginia""}]",2010-10-14,2023-09-25
2010-0494-MEX,No,nat-met-sto-tro,Natural,Meteorological,Storm,Tropical cyclone,,Hurricane 'Karl',MEX,Mexico,Latin America and the Caribbean,Americas,"Campeche, Veracruz, Tabasco, Puebla provinces",,Flood,No,No,Yes,50.0,195.0,Kph,,,,2010,9,15,2010,9,17,12.0,,230000.0,,230000.0,,,150000.0,209604.0,3900000.0,5449698.0,71.56359557518887,"[{""adm1_code"":2031,""adm1_name"":""Campeche""},{""adm1_code"":2048,""adm1_name"":""Puebla""},{""adm1_code"":2054,""adm1_name"":""Tabasco""},{""adm1_code"":2057,""adm1_name"":""Veracruz""}]",2011-03-03,2023-09-25
2010-0503-MEX,No,nat-met-sto-tro,Natural,Meteorological,Storm,Tropical cyclone,GLIDE:TC-2010-000188,Tropical storm Matthew,MEX,Mexico,Latin America and the Caribbean,Americas,"Chiapas, Veracruz, Tabasco, Oaxaca, Nuevo León provinces",,"Flood|Slide (land, mud, snow, rock)",No,No,No,,,Kph,,,,2010,9,25,2010,9,25,3.0,,1075.0,,1075.0,,,,,,,71.56359557518887,"[{""adm1_code"":2032,""adm1_name"":""Chiapas""},{""adm1_code"":2046,""adm1_name"":""Nuevo Leon""},{""adm1_code"":2047,""adm1_name"":""Oaxaca""},{""adm1_code"":2054,""adm1_name"":""Tabasco""},{""adm1_code"":2057,""adm1_name"":""Veracruz""}]",2010-10-14,2023-09-25
2010-0522-USA,No,nat-met-sto-tro,Natural,Meteorological,Storm,Tropical cyclone,,Tropical storm Hermine,USA,United States of America,Northern America,Americas,Texas province,,Flood,No,No,No,,,Kph,28.89,-97.06,,2010,9,7,2010,9,11,8.0,,,,,,,,,,,71.56359557518887,"[{""adm1_code"":3257,""adm1_name"":""Texas""}]",2010-10-06,2023-09-25
2011-0228-MEX,No,nat-met-sto-tro,Natural,Meteorological,Storm,Tropical cyclone,,"Tropical storm ""Beatrix""",MEX,Mexico,Latin America and the Caribbean,Americas,"Guerrero, Colima, Jalisco, Michoacan, Oaxaca provinces",,"Flood|Slide (land, mud, snow, rock)",No,No,No,,110.0,Kph,,,,2011,6,20,2011,6,20,3.0,,450.0,,450.0,,,,,,,73.82275085973603,"[{""adm1_code"":2035,""adm1_name"":""Colima""},{""adm1_code"":2039,""adm1_name"":""Guerrero""},{""adm1_code"":2041,""adm1_name"":""Jalisco""},{""adm1_code"":2043,""adm1_name"":""Michoacan""},{""adm1_code"":2047,""adm1_name"":""Oaxaca""}]",2011-07-29,2023-09-25
2011-0241-MEX,No,nat-met-sto-tro,Natural,Meteorological,Storm,Tropical cyclone,,"Tropical Storm ""Arlene""",MEX,Mexico,Latin America and the Caribbean,Americas,"Isla, Tamalin, Tamiahua, Tampico Alto districts (Veracruz province)",,"Flood|Slide (land, mud, snow, rock)",No,No,No,,,Kph,22.11,-98.75,,2011,6,30,2011,7,1,22.0,,300000.0,,300000.0,,,,,70000.0,94822.0,73.82275085973603,"[{""adm2_code"":21147,""adm2_name"":""Isla""},{""adm2_code"":21222,""adm2_name"":""Tamalin""},{""adm2_code"":21223,""adm2_name"":""Tamiahua""},{""adm2_code"":21224,""adm2_name"":""Tampico Alto""}]",2012-04-04,2023-09-25
2011-0267-MEX,No,nat-met-sto-tro,Natural,Meteorological,Storm,Tropical cyclone,,"Tropical storm ""Dora""",MEX,Mexico,Latin America and the Caribbean,Americas,"Guerrero, Oaxaca provinces",,Flood,No,No,No,,150.0,Kph,,,,2011,7,20,2011,7,20,3.0,,200000.0,,200000.0,,,,,,,73.82275085973603,"[{""adm1_code"":2039,""adm1_name"":""Guerrero""},{""adm1_code"":2047,""adm1_name"":""Oaxaca""}]",2011-08-02,2023-09-25
2011-0328-CAN,No,nat-met-sto-tro,Natural,Meteorological,Storm,Tropical cyclone,GLIDE:TC-2011-000114,Hurricane Irene,CAN,Canada,Northern America,Americas,"New Brunswick,Nova Scotia, Prince Edward Island provinces",,Flood,No,No,No,,130.0,Kph,,,,2011,8,28,2011,8,29,1.0,,,,,,,,,,,73.82275085973603,"[{""adm1_code"":828,""adm1_name"":""New Brunswick / Nouveau-Brunswick""},{""adm1_code"":831,""adm1_name"":""Nova Scotia / Nouvelle-Écosse""},{""adm1_code"":834,""adm1_name"":""Prince Edward Island / Île-du-Prince-Édouard""}]",2011-08-29,2023-09-25
2011-0328-USA,No,nat-met-sto-tro,Natural,Meteorological,Storm,Tropical cyclone,GLIDE:TC-2011-000114,Hurricane Irene,USA,United States of America,Northern America,Americas,"New York, New Jersey, Pennsylvania, North Carolina, Virginia, Maryland, District of Columbia, Connecticut, Florida provinces",,Flood,No,No,No,,,Kph,40.186,-70.06,,2011,8,27,2011,9,13,46.0,,370000.0,,370000.0,,,,,7300000.0,9888551.0,73.82275085973603,"[{""adm1_code"":3220,""adm1_name"":""Connecticut""},{""adm1_code"":3222,""adm1_name"":""District of Columbia""},{""adm1_code"":3223,""adm1_name"":""Florida""},{""adm1_code"":3234,""adm1_name"":""Maryland""},{""adm1_code"":3244,""adm1_name"":""New Jersey""},{""adm1_code"":3246,""adm1_name"":""New York""},{""adm1_code"":3247,""adm1_name"":""North Carolina""},{""adm1_code"":3252,""adm1_name"":""Pennsylvania""},{""adm1_code"":3260,""adm1_name"":""Virginia""}]",2011-11-07,2023-11-10
2011-0385-MEX,No,nat-met-sto-tro,Natural,Meteorological,Storm,Tropical cyclone,,Hurricane Jova,MEX,Mexico,Latin America and the Caribbean,Americas,"Puerto Vallarta district (Jalisco province), Manzanillo district (Colima province), Michoacan, Nayarit provinces",,"Flood|Slide (land, mud, snow, rock)",No,No,No,71.0,160.0,Kph,,,,2011,10,10,2011,11,1,5.0,,50000.0,,50000.0,,,,,27700.0,37522.0,73.82275085973603,"[{""adm1_code"":2043,""adm1_name"":""Michoacan""},{""adm1_code"":2045,""adm1_name"":""Nayarit""},{""adm2_code"":19818,""adm2_name"":""Manzanillo""},{""adm2_code"":20153,""adm2_name"":""Puerto Vallarta""}]",2012-04-04,2023-09-25
2011-0456-USA,No,nat-met-sto-tro,Natural,Meteorological,Storm,Tropical cyclone,,Tropical Storm Lee,USA,United States of America,Northern America,Americas,"Louisiana, Mississippi, Alabama, Texas, New York, Pennsylvania, District of Columbia, Georgia, Maryland, Tennessee, Virginia provinces",,Flood,No,No,Yes,,75.0,Kph,,,,2011,9,4,2011,9,9,15.0,,600.0,,600.0,,,560000.0,758574.0,750000.0,1015947.0,73.82275085973603,"[{""adm1_code"":3214,""adm1_name"":""Alabama""},{""adm1_code"":3222,""adm1_name"":""District of Columbia""},{""adm1_code"":3224,""adm1_name"":""Georgia""},{""adm1_code"":3232,""adm1_name"":""Louisiana""},{""adm1_code"":3234,""adm1_name"":""Maryland""},{""adm1_code"":3238,""adm1_name"":""Mississippi""},{""adm1_code"":3246,""adm1_name"":""New York""},{""adm1_code"":3252,""adm1_name"":""Pennsylvania""},{""adm1_code"":3256,""adm1_name"":""Tennessee""},{""adm1_code"":3257,""adm1_name"":""Texas""},{""adm1_code"":3260,""adm1_name"":""Virginia""}]",2012-04-04,2023-09-25
2011-0460-MEX,No,nat-met-sto-tro,Natural,Meteorological,Storm,Tropical cyclone,,Hurricane Nate,MEX,Mexico,Latin America and the Caribbean,Americas,Tabasco province,,Transport accident,No,No,No,,100.0,Kph,,,,2011,9,9,2011,9,9,10.0,,,,,,,,,,,73.82275085973603,"[{""adm1_code"":2054,""adm1_name"":""Tabasco""}]",2011-11-14,2023-09-25
2012-0176-USA,No,nat-met-sto-tro,Natural,Meteorological,Storm,Tropical cyclone,,Tropical storm Debby,USA,United States of America,Northern America,Americas,"Bay, Calhoun, Escambia, Franklin, Gadsden, Gulf, Holmes, Jackson, Jefferson, Leon, Liberty, Madison, Okaloosa, Santa Rosa, Taylor, Wakulla, Walton, Washington, Brevard, Citrus, Hardee, Hernando, Hillsborough, Indian River, Lake, Manatee, Marion, Orange, Osceola, Pasco, Pinellas, Polk, Seminole, Sumter, Volusia districts",,,No,No,No,,,Kph,28.9635,-82.5,,2012,6,22,2012,6,27,9.0,1.0,17000.0,,17001.0,,,200000.0,265427.0,210000.0,278698.0,75.35038570469574,"[{""adm2_code"":29000,""adm2_name"":""Bay""},{""adm2_code"":29002,""adm2_name"":""Brevard""},{""adm2_code"":29004,""adm2_name"":""Calhoun""},{""adm2_code"":29006,""adm2_name"":""Citrus""},{""adm2_code"":29013,""adm2_name"":""Escambia""},{""adm2_code"":29015,""adm2_name"":""Franklin""},{""adm2_code"":29016,""adm2_name"":""Gadsden""},{""adm2_code"":29019,""adm2_name"":""Gulf""},{""adm2_code"":29021,""adm2_name"":""Hardee""},{""adm2_code"":29023,""adm2_name"":""Hernando""},{""adm2_code"":29025,""adm2_name"":""Hillsborough""},{""adm2_code"":29026,""adm2_name"":""Holmes""},{""adm2_code"":29027,""adm2_name"":""Indian River""},{""adm2_code"":29028,""adm2_name"":""Jackson""},{""adm2_code"":29029,""adm2_name"":""Jefferson""},{""adm2_code"":29031,""adm2_name"":""Lake""},{""adm2_code"":29033,""adm2_name"":""Leon""},{""adm2_code"":29035,""adm2_name"":""Liberty""},{""adm2_code"":29036,""adm2_name"":""Madison""},{""adm2_code"":29037,""adm2_name"":""Manatee""},{""adm2_code"":29038,""adm2_name"":""Marion""},{""adm2_code"":29043,""adm2_name"":""Okaloosa""},{""adm2_code"":29045,""adm2_name"":""Orange""},{""adm2_code"":29046,""adm2_name"":""Osceola""},{""adm2_code"":29048,""adm2_name"":""Pasco""},{""adm2_code"":29049,""adm2_name"":""Pinellas""},{""adm2_code"":29050,""adm2_name"":""Polk""},{""adm2_code"":29052,""adm2_name"":""Santa Rosa""},{""adm2_code"":29054,""adm2_name"":""Seminole""},{""adm2_code"":29057,""adm2_name"":""Sumter""},{""adm2_code"":29059,""adm2_name"":""Taylor""},{""adm2_code"":29061,""adm2_name"":""Volusia""},{""adm2_code"":29062,""adm2_name"":""Wakulla""},{""adm2_code"":29063,""adm2_name"":""Walton""},{""adm2_code"":29064,""adm2_name"":""Washington""}]",2013-01-07,2023-11-10
2012-0276-MEX,No,nat-met-sto-tro,Natural,Meteorological,Storm,Tropical cyclone,,Ernesto,MEX,Mexico,Latin America and the Caribbean,Americas,"Tabasco, Veracruz, Guerrero, Quintana Roo, Puebla, Oaxaca provinces",,,No,No,No,,,Kph,,,,2012,8,10,2012,8,10,12.0,,,,,,,15000.0,19907.0,300000.0,398140.0,75.35038570469574,"[{""adm1_code"":2039,""adm1_name"":""Guerrero""},{""adm1_code"":2047,""adm1_name"":""Oaxaca""},{""adm1_code"":2048,""adm1_name"":""Puebla""},{""adm1_code"":2050,""adm1_name"":""Quintana Roo""},{""adm1_code"":2054,""adm1_name"":""Tabasco""},{""adm1_code"":2057,""adm1_name"":""Veracruz""}]",2013-02-07,2023-09-25
2012-0313-USA,No,nat-met-sto-tro,Natural,Meteorological,Storm,Tropical cyclone,,Hurricane Isaac,USA,United States of America,Northern America,Americas,"Mississippi, Louisiana provinces",,Flood,No,No,Yes,,,Kph,30.503,-89.35,,2012,8,28,2012,8,29,1.0,,60000.0,,60000.0,,,,,2000000.0,2654266.0,75.35038570469574,"[{""adm1_code"":3232,""adm1_name"":""Louisiana""},{""adm1_code"":3238,""adm1_name"":""Mississippi""}]",2013-02-07,2023-11-10
2012-0401-MEX,No,nat-met-sto-tro,Natural,Meteorological,Storm,Tropical cyclone,,Hurricane Carlotta,MEX,Mexico,Latin America and the Caribbean,Americas,"Puerto Escondido city (Dist. Pochutla district, Oaxaca province)",,,No,No,No,,150.0,Kph,,,,2012,6,15,2012,6,15,7.0,,87000.0,,87000.0,,,84000.0,111479.0,555000.0,736559.0,75.35038570469574,"[{""adm2_code"":20565,""adm2_name"":""Dist. Pochutla""}]",2013-02-07,2023-09-25
2012-0410-USA,No,nat-met-sto-tro,Natural,Meteorological,Storm,Tropical cyclone,GLIDE:TC-2012-000180,Hurricane Sandy,USA,United States of America,Northern America,Americas,"New York, New Jersey, Pennsylvania, Connecticut, Ohio, Delaware, Rhode Island, Maryland, Massachusetts, Maine, New Hampshire, North Carolina, Vermont, Virginia, District of Columbia, West Virginia provinces",,Fire|Flood,No,No,Yes,,,Kph,,,,2012,10,28,2012,10,28,54.0,,,,,,,,,50000000.0,66356661.0,75.35038570469574,"[{""adm1_code"":3220,""adm1_name"":""Connecticut""},{""adm1_code"":3221,""adm1_name"":""Delaware""},{""adm1_code"":3222,""adm1_name"":""District of Columbia""},{""adm1_code"":3233,""adm1_name"":""Maine""},{""adm1_code"":3234,""adm1_name"":""Maryland""},{""adm1_code"":3235,""adm1_name"":""Massachusetts""},{""adm1_code"":3243,""adm1_name"":""New Hampshire""},{""adm1_code"":3244,""adm1_name"":""New Jersey""},{""adm1_code"":3246,""adm1_name"":""New York""},{""adm1_code"":3247,""adm1_name"":""North Carolina""},{""adm1_code"":3249,""adm1_name"":""Ohio""},{""adm1_code"":3252,""adm1_name"":""Pennsylvania""},{""adm1_code"":3253,""adm1_name"":""Rhode Island""},{""adm1_code"":3259,""adm1_name"":""Vermont""},{""adm1_code"":3260,""adm1_name"":""Virginia""},{""adm1_code"":3262,""adm1_name"":""West Virginia""}]",2012-11-23,2023-09-25
2013-0188-MEX,No,nat-met-sto-tro,Natural,Meteorological,Storm,Tropical cyclone,,Hurricane Barbara,MEX,Mexico,Latin America and the Caribbean,Americas,"Chiapas, Oaxaca provinces",,,No,No,No,,,Kph,,,,2013,5,29,2013,5,29,4.0,,12000.0,,12000.0,,,,,,,76.45414598516298,"[{""adm1_code"":2032,""adm1_name"":""Chiapas""},{""adm1_code"":2047,""adm1_name"":""Oaxaca""}]",2013-07-09,2023-09-25
2013-0335-MEX,No,nat-met-sto-tro,Natural,Meteorological,Storm,Tropical cyclone,,Tropical storm Fernand,MEX,Mexico,Latin America and the Caribbean,Americas,"Yecuatla, Tuxpan, Atzalan districts (Veracruz province), Oaxaca province",,"Flood|Slide (land, mud, snow, rock)",No,No,Yes,,,Kph,,,,2013,8,25,2013,8,26,14.0,,5000.0,,5000.0,,,,,2000.0,2616.0,76.45414598516298,"[{""adm1_code"":2047,""adm1_name"":""Oaxaca""},{""adm2_code"":21095,""adm2_name"":""Atzalan""},{""adm2_code"":21260,""adm2_name"":""Tuxpan""},{""adm2_code"":21270,""adm2_name"":""Yecuatlan""}]",2013-09-12,2023-09-25
2013-0358-MEX,No,nat-met-sto-tro,Natural,Meteorological,Storm,Tropical cyclone,,Hurricane Manuel ,MEX,Mexico,Latin America and the Caribbean,Americas,"Guerrero, Oaxaca, Jalisco, Michoacan, Sinaloa provinces",,"Flood|Slide (land, mud, snow, rock)",Yes,No,Yes,,,Kph,,,,2013,9,13,2013,9,20,169.0,,105000.0,,105000.0,,,685000.0,895962.0,4200000.0,5493489.0,76.45414598516298,"[{""adm1_code"":2039,""adm1_name"":""Guerrero""},{""adm1_code"":2041,""adm1_name"":""Jalisco""},{""adm1_code"":2043,""adm1_name"":""Michoacan""},{""adm1_code"":2047,""adm1_name"":""Oaxaca""},{""adm1_code"":2052,""adm1_name"":""Sinaloa""}]",2014-03-20,2023-09-25
2013-0406-MEX,No,nat-met-sto-tro,Natural,Meteorological,Storm,Tropical cyclone,,Hurricane Ingrid,MEX,Mexico,Latin America and the Caribbean,Americas,"Veracruz, Hidalgo, Puebla provinces",,"Flood|Slide (land, mud, snow, rock)",No,No,No,,,Kph,,,,2013,9,12,2013,9,17,23.0,,50000.0,,50000.0,,,230000.0,300834.0,1500000.0,1961960.0,76.45414598516298,"[{""adm1_code"":2040,""adm1_name"":""Hidalgo""},{""adm1_code"":2048,""adm1_name"":""Puebla""},{""adm1_code"":2057,""adm1_name"":""Veracruz""}]",2014-03-20,2023-09-25
2014-0183-MEX,No,nat-met-sto-tro,Natural,Meteorological,Storm,Tropical cyclone,,Boris,MEX,Mexico,Latin America and the Caribbean,Americas,"Chiapas, Oaxaca provinces",,"Flood|Slide (land, mud, snow, rock)",No,No,No,,40.0,Kph,,,,2014,5,30,2014,6,6,,,,,,,,,,,,77.69440613455986,"[{""adm1_code"":2032,""adm1_name"":""Chiapas""},{""adm1_code"":2047,""adm1_name"":""Oaxaca""}]",2014-07-09,2023-09-25
2014-0310-USA,No,nat-met-sto-tro,Natural,Meteorological,Storm,Tropical cyclone,,Hurricane Iselle,USA,United States of America,Northern America,Americas,Hawaii province,,,No,No,No,,95.0,Kph,,,,2014,8,8,2014,8,10,1.0,,834.0,,834.0,,,,,66000.0,84948.0,77.69440613455986,"[{""adm1_code"":3225,""adm1_name"":""Hawaii""}]",2014-09-22,2023-09-25
2014-0325-MEX,No,nat-met-sto-tro,Natural,Meteorological,Storm,Tropical cyclone,,Hurricane Marie,MEX,Mexico,Latin America and the Caribbean,Americas,"Oaxaca, Guerrero provinces",,Flood,No,No,Yes,,220.0,Kph,,,,2014,8,22,2014,9,2,3.0,,30000.0,,30000.0,,,,,14000.0,18019.0,77.69440613455986,"[{""adm1_code"":2039,""adm1_name"":""Guerrero""},{""adm1_code"":2047,""adm1_name"":""Oaxaca""}]",2014-09-24,2023-09-25
2014-0333-MEX,No,nat-met-sto-tro,Natural,Meteorological,Storm,Tropical cyclone,,Hurricane Odile,MEX,Mexico,Latin America and the Caribbean,Americas,"Cabo San Lucas city (Los Cabos area, La Paz district, Baja California Sur province)",,Flood|Rain,No,No,No,,205.0,Kph,,,,2014,9,10,2014,9,17,6.0,135.0,75000.0,,75135.0,,,1200000.0,1544513.0,2500000.0,3217735.0,77.69440613455986,"[{""adm2_code"":19573,""adm2_name"":""La Paz""}]",2014-09-30,2023-09-25
2014-0385-MEX,No,nat-met-sto-tro,Natural,Meteorological,Storm,Tropical cyclone,,Tropical storm Dolly,MEX,Mexico,Latin America and the Caribbean,Americas,"Tamaupilas, Veracruz provinces",,Rain,No,No,No,,75.0,Kph,,,,2014,9,4,2014,9,8,1.0,,1500.0,,1500.0,,,,,500.0,644.0,77.69440613455986,"[{""adm1_code"":2055,""adm1_name"":""Tamaulipas""},{""adm1_code"":2057,""adm1_name"":""Veracruz""}]",2014-10-10,2023-09-25
2014-0386-MEX,No,nat-met-sto-tro,Natural,Meteorological,Storm,Tropical cyclone,,Hurricane Norbert,MEX,Mexico,Latin America and the Caribbean,Americas,"La Paz district (Bafa California Sur province), Manzanillo district (Colima province), Mazatlan district (Sinaloa province), Baja Peninsula, Chihuahua, Jalisco, Nayarit,",,Flood,No,No,No,,205.0,Kph,,,,2014,9,2,2014,9,11,3.0,,7500.0,,7500.0,,,,,25000.0,32177.0,77.69440613455986,"[{""adm1_code"":2029,""adm1_name"":""Baja California""},{""adm1_code"":2033,""adm1_name"":""Chihuahua""},{""adm1_code"":2041,""adm1_name"":""Jalisco""},{""adm1_code"":2045,""adm1_name"":""Nayarit""},{""adm2_code"":19573,""adm2_name"":""La Paz""},{""adm2_code"":19818,""adm2_name"":""Manzanillo""},{""adm2_code"":20891,""adm2_name"":""Mazatlan""}]",2014-10-10,2023-09-25
2014-0417-MEX,No,nat-met-sto-tro,Natural,Meteorological,Storm,Tropical cyclone,,Tropical storm Trudy,MEX,Mexico,Latin America and the Caribbean,Americas,"Tlacoachistlahuaca, Huamuxtitlan, Tlalixtaquilla, Malinaltepec districts (Guerrero province), Oaxaca province",,"Flood|Slide (land, mud, snow, rock)",No,No,Yes,,,Kph,,,,2014,10,18,2014,10,20,6.0,,30000.0,,30000.0,,,,,2000.0,2574.0,77.69440613455986,"[{""adm1_code"":2047,""adm1_name"":""Oaxaca""},{""adm2_code"":19955,""adm2_name"":""Huamuxtitlan""},{""adm2_code"":19965,""adm2_name"":""Malinaltepec""},{""adm2_code"":19986,""adm2_name"":""Tlacoachistlahuaca""},{""adm2_code"":19989,""adm2_name"":""Tlalixtaquilla De M.""}]",2014-10-20,2023-09-25
2015-0459-USA,No,nat-met-sto-tro,Natural,Meteorological,Storm,Tropical cyclone,DFO:4295,Joaquin,USA,United States of America,Northern America,Americas,"South Carolina, North Carolina",,Flood,No,No,No,,,Kph,33.503,-80.493,,2015,10,1,2015,10,13,25.0,,800.0,,800.0,,,400000.0,514228.0,2000000.0,2571138.0,77.78656765992335,"[{""adm1_code"":3247,""adm1_name"":""North Carolina""},{""adm1_code"":3254,""adm1_name"":""South Carolina""}]",2015-10-14,2023-09-25
2015-0470-MEX,No,nat-met-sto-tro,Natural,Meteorological,Storm,Tropical cyclone,DFO:4302|GLIDE:TC-2015-000144,Hurricane Patricia,MEX,Mexico,Latin America and the Caribbean,Americas,"Manzanillo district (Colima province), Coahuila, Nuevo leon, Tamaulipas provinces",,Flood,No,No,No,,270.0,Kph,28.381,-101.772,,2015,10,22,2015,10,28,14.0,,15000.0,,15000.0,,,343000.0,440950.0,823000.0,1058023.0,77.78656765992335,"[{""adm1_code"":2034,""adm1_name"":""Coahuila""},{""adm1_code"":2046,""adm1_name"":""Nuevo Leon""},{""adm1_code"":2055,""adm1_name"":""Tamaulipas""},{""adm2_code"":19818,""adm2_name"":""Manzanillo""}]",2015-10-26,2023-09-25
2016-0284-MEX,No,nat-met-sto-tro,Natural,Meteorological,Storm,Tropical cyclone,GLIDE:TC-2016-000078,Tropical storm 'Earl',MEX,Mexico,Latin America and the Caribbean,Americas,"Puebla, Veracruz provinces",,"Flood|Slide (land, mud, snow, rock)",No,No,No,,,Kph,,,,2016,8,6,2016,8,7,54.0,,11000.0,,11000.0,,,,,,,78.76792299752094,"[{""adm1_code"":2048,""adm1_name"":""Puebla""},{""adm1_code"":2057,""adm1_name"":""Veracruz""}]",2016-08-10,2023-09-25
2016-0319-MEX,No,nat-met-sto-tro,Natural,Meteorological,Storm,Tropical cyclone,,Hurricane Newton,MEX,Mexico,Latin America and the Caribbean,Americas,"Cabo San Lucas city (La Paz district, Baja California Sur province), Oaxaca, Colima, Jalisco provinces",,Flood,No,No,No,,,Kph,,,,2016,9,6,2016,9,7,11.0,,10500.0,,10500.0,,,,,50000.0,63478.0,78.76792299752094,"[{""adm1_code"":2035,""adm1_name"":""Colima""},{""adm1_code"":2041,""adm1_name"":""Jalisco""},{""adm1_code"":2047,""adm1_name"":""Oaxaca""},{""adm2_code"":19573,""adm2_name"":""La Paz""}]",2016-09-14,2023-09-25
2016-0322-USA,No,nat-met-sto-tro,Natural,Meteorological,Storm,Tropical cyclone,,Hurricane Hermine,USA,United States of America,Northern America,Americas,"Georgia, Florida, South Carolina, New York, New Jersey; Cedar Key, Florida, Aurora (North Carolina); Virginia Tidewater region",,Flood|Surge,No,No,No,,85.0,Kph,,,,2016,9,1,2016,9,6,3.0,,13500.0,570.0,14070.0,,,270000.0,342779.0,600000.0,761731.0,78.76792299752094,"[{""adm1_code"":3223,""adm1_name"":""Florida""},{""adm1_code"":3224,""adm1_name"":""Georgia""},{""adm1_code"":3244,""adm1_name"":""New Jersey""},{""adm1_code"":3246,""adm1_name"":""New York""},{""adm1_code"":3247,""adm1_name"":""North Carolina""},{""adm1_code"":3254,""adm1_name"":""South Carolina""}]",2016-09-14,2023-09-25
2016-0355-USA,No,nat-met-sto-tro,Natural,Meteorological,Storm,Tropical cyclone,GLIDE:TC-2016-000106,Hurricane 'Matthew',USA,United States of America,Northern America,Americas,"Florida, Georgia, South Carolina, North Carolina, Virginia provinces",,Flood,No,No,No,,,Kph,,,,2016,10,8,2016,10,12,49.0,,,,,,,5000000.0,6347762.0,10000000.0,12695523.0,78.76792299752094,"[{""adm1_code"":3223,""adm1_name"":""Florida""},{""adm1_code"":3224,""adm1_name"":""Georgia""},{""adm1_code"":3247,""adm1_name"":""North Carolina""},{""adm1_code"":3254,""adm1_name"":""South Carolina""},{""adm1_code"":3260,""adm1_name"":""Virginia""}]",2016-11-15,2023-09-25
2017-0168-MEX,No,nat-met-sto-tro,Natural,Meteorological,Storm,Tropical cyclone,,Beatriz,MEX,Mexico,Latin America and the Caribbean,Americas,"Sierra Madre del Sur, Sierra Madre de Chiapas Mountain ranges, Oaxaca State, San Francisco Ozolotepec, San Marcial Ozolotepec, San Pedro Quiatoni, San Carlos Yautepec, Jamiltepec, Juquila, and Pochutla, Tehuantepec in Istmo Region, Juchitan district, San Pablo Topiltepec",,"Flood|Slide (land, mud, snow, rock)",No,No,No,,65.0,Kph,,,Los Perros,2017,6,1,2017,6,3,6.0,,,600.0,600.0,,,,,,,80.44577926194549,,2017-06-13,2023-09-25
2017-0334-MEX,No,nat-met-sto-tro,Natural,Meteorological,Storm,Tropical cyclone,,Hurricane 'Franklin',MEX,Mexico,Latin America and the Caribbean,Americas,"Quintana Roo State (Yucatan Peninsula); Campeche, Tabasco and Chiapas, Lechuguillas (Veracruz state); Puebla, Hidalgo states",,"Flood|Slide (land, mud, snow, rock)",No,No,No,,140.0,Kph,,,,2017,8,7,2017,8,7,,,300.0,,300.0,,,,,2000.0,2486.0,80.44577926194549,"[{""adm1_code"":2031,""adm1_name"":""Campeche""},{""adm1_code"":2032,""adm1_name"":""Chiapas""},{""adm1_code"":2040,""adm1_name"":""Hidalgo""},{""adm1_code"":2048,""adm1_name"":""Puebla""},{""adm1_code"":2050,""adm1_name"":""Quintana Roo""},{""adm1_code"":2054,""adm1_name"":""Tabasco""},{""adm1_code"":2057,""adm1_name"":""Veracruz""}]",2017-08-11,2023-09-25
2017-0362-USA,No,nat-met-sto-tro,Natural,Meteorological,Storm,Tropical cyclone,,Hurricane Harvey,USA,United States of America,Northern America,Americas,"Eastern Texas (Rockport, Corpus Chrsti, Port Lavaca, Cypress area of Houston, Houston metro area, Beaumont, Port Arthur, Angelina, Aransas, Atascosa, Austin, Bastrop, Bee, Bexar, Brazoria, Brazos, Burleson, Caldwell, Calhoun, Cameron, Chambers, Colorado, Comal, DeWitt, Fayette, Fort Bend, Galveston, Goliad, Gonzales, Grimes, Guadalupe, Hardin, Harris, Jackson, Jasper, Jefferson, Jim Wells, Karnes, Kerr, Kleberg, Lavaca, Lee, Leon, Liberty, Live Oak, Madison, Matagorda, Montgomery, Newton, Nueces, Orange, Polk, Refugio, Sabine, San Jacinto, San Patricio, Trinity, Tyler, Victoria, Walker, Waller, Washington, Wharton, Willacy, Wilson, San Augustine), Southwestern Louisiana (Acadia, Forrest, Iberia, Lafayette, Vernon, Beauregard, Calcasieu, Cameron (Hackberry), Jefferson Davis, Vermillion, Allen, Natchitoches, Rapides, Sabine)",,Flood|Oil spill,No,No,Yes,,215.0,Kph,,,"Sabine River, Brazos River, Navidad River, San Bernard River, San Jacinto River, Trinity River, Clear Creek, Cypress Creek, Davidson Creek, Lake Creek, Menard Creek, Peach Creek, and Buffalo Bayou while the Colorado River, Guadalupe River, Lavaca River, Tres Palacios River, Bedias Creek, Caney Creek, Garcitas Creek, Sandies Creek, Sandy Creek, Spring Creek, Brays Bayou, White Oak Bayou, Greens Bayou",2017,8,25,2017,8,29,88.0,24.0,555000.0,27000.0,582024.0,,,30000000.0,37292199.0,95000000.0,118091963.0,80.44577926194549,"[{""adm2_code"":29791,""adm2_name"":""Acadia""},{""adm2_code"":29792,""adm2_name"":""Allen""},{""adm2_code"":29796,""adm2_name"":""Beauregard""},{""adm2_code"":29800,""adm2_name"":""Calcasieu""},{""adm2_code"":29802,""adm2_name"":""Cameron""},{""adm2_code"":29813,""adm2_name"":""Iberia""},{""adm2_code"":29817,""adm2_name"":""Jefferson Davis""},{""adm2_code"":29819,""adm2_name"":""Lafayette""},{""adm2_code"":29825,""adm2_name"":""Natchitoches""},{""adm2_code"":29830,""adm2_name"":""Rapides""},{""adm2_code"":29833,""adm2_name"":""Sabine""},{""adm2_code"":29847,""adm2_name"":""Vermilion""},{""adm2_code"":29848,""adm2_name"":""Vernon""},{""adm2_code"":30096,""adm2_name"":""Forrest""},{""adm2_code"":31202,""adm2_name"":""Angelina""},{""adm2_code"":31203,""adm2_name"":""Aransas""},{""adm2_code"":31206,""adm2_name"":""Atascosa""},{""adm2_code"":31207,""adm2_name"":""Austin""},{""adm2_code"":31210,""adm2_name"":""Bastrop""},{""adm2_code"":31212,""adm2_name"":""Bee""},{""adm2_code"":31214,""adm2_name"":""Bexar""},{""adm2_code"":31219,""adm2_name"":""Brazoria""},{""adm2_code"":31220,""adm2_name"":""Brazos""},{""adm2_code"":31225,""adm2_name"":""Burleson""},{""adm2_code"":31227,""adm2_name"":""Caldwell""},{""adm2_code"":31228,""adm2_name"":""Calhoun""},{""adm2_code"":31230,""adm2_name"":""Cameron""},{""adm2_code"":31235,""adm2_name"":""Chambers""},{""adm2_code"":31244,""adm2_name"":""Colorado""},{""adm2_code"":31245,""adm2_name"":""Comal""},{""adm2_code"":31261,""adm2_name"":""DeWitt""},{""adm2_code"":31274,""adm2_name"":""Fayette""},{""adm2_code"":31278,""adm2_name"":""Fort Bend""},{""adm2_code"":31283,""adm2_name"":""Galveston""},{""adm2_code"":31287,""adm2_name"":""Goliad""},{""adm2_code"":31288,""adm2_name"":""Gonzales""},{""adm2_code"":31292,""adm2_name"":""Grimes""},{""adm2_code"":31293,""adm2_name"":""Guadalupe""},{""adm2_code"":31299,""adm2_name"":""Hardin""},{""adm2_code"":31300,""adm2_name"":""Harris""},{""adm2_code"":31319,""adm2_name"":""Jackson""},{""adm2_code"":31320,""adm2_name"":""Jasper""},{""adm2_code"":31322,""adm2_name"":""Jefferson""},{""adm2_code"":31324,""adm2_name"":""Jim Wells""},{""adm2_code"":31327,""adm2_name"":""Karnes""},{""adm2_code"":31332,""adm2_name"":""Kerr""},{""adm2_code"":31336,""adm2_name"":""Kleberg""},{""adm2_code"":31342,""adm2_name"":""Lavaca""},{""adm2_code"":31343,""adm2_name"":""Lee""},{""adm2_code"":31344,""adm2_name"":""Leon""},{""adm2_code"":31345,""adm2_name"":""Liberty""},{""adm2_code"":31348,""adm2_name"":""Live Oak""},{""adm2_code"":31353,""adm2_name"":""Madison""},{""adm2_code"":31357,""adm2_name"":""Matagorda""},{""adm2_code"":31369,""adm2_name"":""Montgomery""},{""adm2_code"":31375,""adm2_name"":""Newton""},{""adm2_code"":31377,""adm2_name"":""Nueces""},{""adm2_code"":31380,""adm2_name"":""Orange""},{""adm2_code"":31386,""adm2_name"":""Polk""},{""adm2_code"":31395,""adm2_name"":""Refugio""},{""adm2_code"":31401,""adm2_name"":""Sabine""},{""adm2_code"":31403,""adm2_name"":""San Jacinto""},{""adm2_code"":31404,""adm2_name"":""San Patricio""},{""adm2_code"":31427,""adm2_name"":""Trinity""},{""adm2_code"":31428,""adm2_name"":""Tyler""},{""adm2_code"":31434,""adm2_name"":""Victoria""},{""adm2_code"":31435,""adm2_name"":""Walker""},{""adm2_code"":31436,""adm2_name"":""Waller""},{""adm2_code"":31438,""adm2_name"":""Washington""},{""adm2_code"":31440,""adm2_name"":""Wharton""},{""adm2_code"":31444,""adm2_name"":""Willacy""},{""adm2_code"":31446,""adm2_name"":""Wilson""}]",2017-08-28,2023-09-25
2017-0376-MEX,No,nat-met-sto-tro,Natural,Meteorological,Storm,Tropical cyclone,,Tropical storm 'Lidia',MEX,Mexico,Latin America and the Caribbean,Americas,"Cabo San Lucas, San Jose del Cabo (Baja California Sur), Comondu, Mulege, La Paz, Los Cabos, Loreto",,Flood,No,No,Yes,,,Kph,,,,2017,8,30,2017,9,2,20.0,,,1000.0,1000.0,,,,,,,80.44577926194549,"[{""adm2_code"":19577,""adm2_name"":""Isla""},{""adm2_code"":19556,""adm2_name"":""Comondu""},{""adm2_code"":19558,""adm2_name"":""Isla Cerralvo""},{""adm2_code"":19559,""adm2_name"":""Isla Coronados""},{""adm2_code"":19563,""adm2_name"":""Isla El Carmen""},{""adm2_code"":19564,""adm2_name"":""Isla Espiritu Santo""},{""adm2_code"":19565,""adm2_name"":""Isla Monserrat""},{""adm2_code"":19566,""adm2_name"":""Isla San Francisco""},{""adm2_code"":19567,""adm2_name"":""Isla San Jose""},{""adm2_code"":19569,""adm2_name"":""Isla Santa Catarina""},{""adm2_code"":19571,""adm2_name"":""Isla Santa Margarita""},{""adm2_code"":19573,""adm2_name"":""La Paz""},{""adm2_code"":19574,""adm2_name"":""Mulege""}]",2017-09-05,2023-09-25
2017-0381-USA,No,nat-met-sto-tro,Natural,Meteorological,Storm,Tropical cyclone,GLIDE:TC-2017-000132,Hurricane 'Irma',USA,United States of America,Northern America,Americas,"Keys islands, Monroe, South Florida, Jacksonville (Duval), Marco Island, Naples (Collier), Fort Lauderdale (Broward), Lakeland (Polk), Orlando (Orange), Clay (Florida), Savannah, Tybee Island (Chatham), Brunswick, St. Simons Island (Glynn), McIntosh, Camden (Georgia), Charleston, Folly Beach, the Isle of Palms, Sullivan’s Island (Charleston) Hilton Head, Beaufort, Edisto Beach (Colleton) (South Carolina)",,Flood,No,No,No,,300.0,Kph,,,,2017,9,10,2017,9,28,97.0,,,70000.0,70000.0,,,29000000.0,36049126.0,57000000.0,70855178.0,80.44577926194549,"[{""adm2_code"":29003,""adm2_name"":""Broward""},{""adm2_code"":29007,""adm2_name"":""Clay""},{""adm2_code"":29008,""adm2_name"":""Collier""},{""adm2_code"":29012,""adm2_name"":""Duval""},{""adm2_code"":29040,""adm2_name"":""Miami-Dade""},{""adm2_code"":29041,""adm2_name"":""Monroe""},{""adm2_code"":29045,""adm2_name"":""Orange""},{""adm2_code"":29050,""adm2_name"":""Polk""},{""adm2_code"":29084,""adm2_name"":""Camden""},{""adm2_code"":29089,""adm2_name"":""Chatham""},{""adm2_code"":29127,""adm2_name"":""Glynn""},{""adm2_code"":29162,""adm2_name"":""McIntosh""},{""adm2_code"":30999,""adm2_name"":""Beaufort""},{""adm2_code"":31002,""adm2_name"":""Charleston""},{""adm2_code"":31007,""adm2_name"":""Colleton""}]",2017-09-12,2023-09-25
2017-0381-VIR,No,nat-met-sto-tro,Natural,Meteorological,Storm,Tropical cyclone,GLIDE:TC-2017-000132,Hurricane 'Irma',VIR,United States Virgin Islands,Latin America and the Caribbean,Americas,"St. John, St. Thomas, most of St. Croix",,Flood,No,No,Yes,,,Kph,,,,2017,9,7,2017,9,7,4.0,,,,,,,,,,,80.44577926194549,"[{""adm1_code"":39508,""adm1_name"":""Saint Croix (County Equivalent)""},{""adm1_code"":39509,""adm1_name"":""Saint John (County Equivalent)""},{""adm1_code"":39510,""adm1_name"":""Saint Thomas (County Equivalent)""}]",2017-09-08,2023-09-25
2017-0383-USA,No,nat-met-sto-tro,Natural,Meteorological,Storm,Tropical cyclone,,Hurricane 'Maria',USA,United States of America,Northern America,Americas,"Jersey shore, Seaside Park, Point Pleasant Beach (Ocean), Long Branch (Monmouth) (New Jersey), Fernandina beach (Nassau-Florida)",,,No,No,No,,,Kph,,,,2017,9,26,2017,9,27,4.0,,,,,,,,,,,80.44577926194549,"[{""adm2_code"":29042,""adm2_name"":""Nassau""},{""adm2_code"":30463,""adm2_name"":""Monmouth""},{""adm2_code"":30465,""adm2_name"":""Ocean""}]",2018-03-07,2023-09-25
2017-0383-VIR,No,nat-met-sto-tro,Natural,Meteorological,Storm,Tropical cyclone,,Hurricane 'Maria',VIR,United States Virgin Islands,Latin America and the Caribbean,Americas,"St Thomas, St John, St Croix, Water Island (St Thomas), Estate Frenchman's Bay",,"Flood|Slide (land, mud, snow, rock)",No,No,No,,,Kph,,,,2017,9,20,2017,9,20,3.0,,,,,,,,,,,80.44577926194549,"[{""adm1_code"":39508,""adm1_name"":""Saint Croix (County Equivalent)""},{""adm1_code"":39509,""adm1_name"":""Saint John (County Equivalent)""},{""adm1_code"":39510,""adm1_name"":""Saint Thomas (County Equivalent)""}]",2017-09-29,2023-09-25
2017-0392-MEX,No,nat-met-sto-tro,Natural,Meteorological,Storm,Tropical cyclone,,Hurricane Katia,MEX,Mexico,Latin America and the Caribbean,Americas,"Tecolutla, Xalapa, Jalcomulco",,"Flood|Slide (land, mud, snow, rock)",No,No,No,,,Kph,,,,2017,9,7,2017,9,8,3.0,,1110.0,,1110.0,,,,,,,80.44577926194549,"[{""adm2_code"":21158,""adm2_name"":""Jalcomulco""},{""adm2_code"":21229,""adm2_name"":""Tecolutla""},{""adm2_code"":21266,""adm2_name"":""Xalapa""}]",2017-09-22,2023-09-25
2017-0410-USA,No,nat-met-sto-tro,Natural,Meteorological,Storm,Tropical cyclone,GLIDE:TC-2017-000148,Tropical depression'16/Hurricane 'Nate',USA,United States of America,Northern America,Americas,"Mexico Gulf, Louisiania, Mississippi (coastal areas, Biloxi), Alabama (Dauphin Island, Autauga, Chilton, Lowndes Counties), Florida, South Carolina (Pickens, Laurens, Spartanburg, Newberry, Greenville, Union), North Carolina (Polk, Wilkes, Ashe )",,,No,No,No,,140.0,Kph,,,,2017,10,7,2017,10,8,,,60.0,,60.0,,,,,250000.0,310768.0,80.44577926194549,"[{""adm1_code"":3223,""adm1_name"":""Florida""},{""adm1_code"":3232,""adm1_name"":""Louisiana""},{""adm2_code"":28691,""adm2_name"":""Autauga""},{""adm2_code"":28701,""adm2_name"":""Chilton""},{""adm2_code"":28733,""adm2_name"":""Lowndes""},{""adm2_code"":28739,""adm2_name"":""Mobile""},{""adm2_code"":30101,""adm2_name"":""Hancock""},{""adm2_code"":30102,""adm2_name"":""Harrison""},{""adm2_code"":30108,""adm2_name"":""Jackson""},{""adm2_code"":30571,""adm2_name"":""Ashe""},{""adm2_code"":30641,""adm2_name"":""Polk""},{""adm2_code"":30663,""adm2_name"":""Wilkes""},{""adm2_code"":31015,""adm2_name"":""Greenville""},{""adm2_code"":31022,""adm2_name"":""Laurens""},{""adm2_code"":31028,""adm2_name"":""Newberry""},{""adm2_code"":31031,""adm2_name"":""Pickens""},{""adm2_code"":31034,""adm2_name"":""Spartanburg""},{""adm2_code"":31036,""adm2_name"":""Union""}]",2017-10-09,2023-09-25
2018-0170-USA,No,nat-met-sto-tro,Natural,Meteorological,Storm,Tropical cyclone,,Tropical storm 'Alberto',USA,United States of America,Northern America,Americas,Southeast,,,No,No,No,,,Kph,,,,2018,5,27,2018,5,30,5.0,,,,,,,,,125000.0,151679.0,82.41066796103514,"[{""adm1_code"":3214,""adm1_name"":""Alabama""},{""adm1_code"":3217,""adm1_name"":""Arkansas""},{""adm1_code"":3223,""adm1_name"":""Florida""},{""adm1_code"":3224,""adm1_name"":""Georgia""},{""adm1_code"":3231,""adm1_name"":""Kentucky""},{""adm1_code"":3232,""adm1_name"":""Louisiana""},{""adm1_code"":3238,""adm1_name"":""Mississippi""},{""adm1_code"":3247,""adm1_name"":""North Carolina""},{""adm1_code"":3254,""adm1_name"":""South Carolina""},{""adm1_code"":3256,""adm1_name"":""Tennessee""},{""adm1_code"":3260,""adm1_name"":""Virginia""},{""adm1_code"":3262,""adm1_name"":""West Virginia""}]",2019-03-12,2023-09-25
2018-0342-USA,No,nat-met-sto-tro,Natural,Meteorological,Storm,Tropical cyclone,,Hurricane Florence,USA,United States of America,Northern America,Americas,"South and North Carolina, Virginia",,Flood,No,No,Yes,,,Kph,,,,2018,9,12,2018,9,18,53.0,,1500000.0,,1500000.0,,,5000000.0,6067176.0,14000000.0,16988092.0,82.41066796103514,"[{""adm1_code"":3247,""adm1_name"":""North Carolina""},{""adm1_code"":3254,""adm1_name"":""South Carolina""},{""adm1_code"":3260,""adm1_name"":""Virginia""}]",2018-09-18,2023-09-25
2018-0373-USA,No,nat-met-sto-tro,Natural,Meteorological,Storm,Tropical cyclone,,Hurricane Michael,USA,United States of America,Northern America,Americas,"Florida, Georgia, Alabama, North Carolina, Virginia, Maryland",,Surge,No,No,No,,250.0,Kph,,,,2018,10,10,2018,10,11,49.0,,5000.0,,5000.0,,,10000000.0,12134351.0,16000000.0,19414962.0,82.41066796103514,"[{""adm1_code"":3214,""adm1_name"":""Alabama""},{""adm1_code"":3223,""adm1_name"":""Florida""},{""adm1_code"":3224,""adm1_name"":""Georgia""},{""adm1_code"":3234,""adm1_name"":""Maryland""},{""adm1_code"":3247,""adm1_name"":""North Carolina""},{""adm1_code"":3260,""adm1_name"":""Virginia""}]",2018-10-11,2023-09-25
2018-0406-MEX,No,nat-met-sto-tro,Natural,Meteorological,Storm,Tropical cyclone,,Hurricane Willa,MEX,Mexico,Latin America and the Caribbean,Americas,"Sinaloa, Nayarit, Jalisco, Durango, Zacatec",,,No,No,No,,195.0,Kph,,,,2018,10,23,2018,10,23,6.0,,10000.0,,10000.0,,,,,536800.0,651372.0,82.41066796103514,"[{""adm1_code"":2037,""adm1_name"":""Durango""},{""adm1_code"":2041,""adm1_name"":""Jalisco""},{""adm1_code"":2045,""adm1_name"":""Nayarit""},{""adm1_code"":2052,""adm1_name"":""Sinaloa""},{""adm1_code"":2059,""adm1_name"":""Zacatecas""}]",2018-11-06,2023-09-25
2018-0421-MEX,No,nat-met-sto-tro,Natural,Meteorological,Storm,Tropical cyclone,,Tropical storm 'Vicente',MEX,Mexico,Latin America and the Caribbean,Americas,Michoacán and Oaxaca,,Flood,No,No,No,,,Kph,,,,2018,10,19,2018,10,23,14.0,,,,,,,,,7005.0,8500.0,82.41066796103514,"[{""adm1_code"":2043,""adm1_name"":""Michoacan""},{""adm1_code"":2047,""adm1_name"":""Oaxaca""}]",2018-11-19,2023-09-25
2019-0335-USA,No,nat-met-sto-tro,Natural,Meteorological,Storm,Tropical cyclone,,Tropical cylone 'Barry',USA,United States of America,Northern America,Americas,"Louisiana, Mississippi, Arkansas, Oklahoma, Great Lakes region",,,No,No,No,,,Kph,,,,2019,7,13,2019,7,15,1.0,,,,,,,300000.0,357551.0,600000.0,715102.0,83.90417006010567,"[{""adm1_code"":3217,""adm1_name"":""Arkansas""},{""adm1_code"":3232,""adm1_name"":""Louisiana""},{""adm1_code"":3238,""adm1_name"":""Mississippi""}]",2019-07-15,2023-09-25
2019-0412-USA,No,nat-met-sto-tro,Natural,Meteorological,Storm,Tropical cyclone,GLIDE:TC-2019-000099,Tropical cyclone 'Dorian',USA,United States of America,Northern America,Americas,"Florida, Georgia, South Carolina, North Carolina, Virginia",,Flood,No,No,No,,150.0,Kph,,,,2019,8,28,2019,9,6,10.0,,,,,,,,,1600000.0,1906937.0,83.90417006010567,"[{""adm1_code"":3223,""adm1_name"":""Florida""},{""adm1_code"":3224,""adm1_name"":""Georgia""},{""adm1_code"":3247,""adm1_name"":""North Carolina""},{""adm1_code"":3254,""adm1_name"":""South Carolina""},{""adm1_code"":3260,""adm1_name"":""Virginia""}]",2019-10-28,2023-09-25
2019-0417-USA,No,nat-met-sto-tro,Natural,Meteorological,Storm,Tropical cyclone,,Tropical storm ' Imelda',USA,United States of America,Northern America,Americas,Texas,,Flood,No,No,No,,65.0,Kph,,,,2019,9,17,2019,9,21,5.0,,1000.0,,1000.0,,,1200000.0,1430203.0,3500000.0,4171426.0,83.90417006010567,"[{""adm1_code"":3257,""adm1_name"":""Texas""}]",2019-09-20,2023-09-25
2019-0418-MEX,No,nat-met-sto-tro,Natural,Meteorological,Storm,Tropical cyclone,,Tropical cyclone 'Lorena',MEX,Mexico,Latin America and the Caribbean,Americas,"Baja California Peninsula, coastal Baja California Sur, Jalisco, Sinaloa, Nayarit, Michoacan, Colima States",,Flood,No,No,No,,130.0,Kph,,,,2019,9,20,2019,9,20,1.0,,200.0,,200.0,,,,,,,83.90417006010567,"[{""adm1_code"":2029,""adm1_name"":""Baja California""},{""adm1_code"":2030,""adm1_name"":""Baja California Sur""},{""adm1_code"":2035,""adm1_name"":""Colima""},{""adm1_code"":2041,""adm1_name"":""Jalisco""},{""adm1_code"":2043,""adm1_name"":""Michoacan""},{""adm1_code"":2045,""adm1_name"":""Nayarit""},{""adm1_code"":2052,""adm1_name"":""Sinaloa""}]",2019-09-20,2023-09-25
2019-0450-MEX,No,nat-met-sto-tro,Natural,Meteorological,Storm,Tropical cyclone,,Tropical storm 'Narda',MEX,Mexico,Latin America and the Caribbean,Americas,Oaxaca state,,,No,No,No,,55.0,Kph,,,,2019,9,30,2019,9,30,2.0,,1000.0,,1000.0,,,,,,,83.90417006010567,"[{""adm1_code"":2047,""adm1_name"":""Oaxaca""}]",2019-09-30,2023-09-25
2019-0519-MEX,No,nat-met-sto-tro,Natural,Meteorological,Storm,Tropical cyclone,,Tropical storm 'Fernand',MEX,Mexico,Latin America and the Caribbean,Americas,"Coahuila, Nuevo León, Tamaulipas, San Luis Potosí states",,Flood,No,No,No,,,Kph,,,,2019,9,5,2019,9,6,1.0,,,,,,,25000.0,29796.0,383000.0,456473.0,83.90417006010567,"[{""adm1_code"":2034,""adm1_name"":""Coahuila""},{""adm1_code"":2046,""adm1_name"":""Nuevo Leon""},{""adm1_code"":2051,""adm1_name"":""San Luis Potosi""},{""adm1_code"":2055,""adm1_name"":""Tamaulipas""}]",2019-10-28,2023-09-25
2020-0219-MEX,No,nat-met-sto-tro,Natural,Meteorological,Storm,Tropical cyclone,,Tropical storm 'Cristobal',MEX,Mexico,Latin America and the Caribbean,Americas,"Ciudad del Carmen (Campeche State); Quintana Roo, Yucatan, Tabasco, Chiapas Oaxaca, Veracruz states",,"Slide (land, mud, snow, rock)",No,No,No,,75.0,Kph,,,,2020,6,3,2020,6,3,,,606.0,,606.0,,,,,,,84.93919812938861,"[{""adm1_code"":2032,""adm1_name"":""Chiapas""},{""adm1_code"":2047,""adm1_name"":""Oaxaca""},{""adm1_code"":2050,""adm1_name"":""Quintana Roo""},{""adm1_code"":2054,""adm1_name"":""Tabasco""},{""adm1_code"":2057,""adm1_name"":""Veracruz""},{""adm1_code"":2058,""adm1_name"":""Yucatan""},{""adm2_code"":19591,""adm2_name"":""Carmen""}]",2020-06-05,2024-04-18
2020-0219-USA,No,nat-met-sto-tro,Natural,Meteorological,Storm,Tropical cyclone,,Tropical storm 'Cristobal',USA,United States of America,Northern America,Americas,"errebonne, Plaquemines, Lafourche Parishes (Louisiana)",,,No,No,Yes,,85.0,Kph,,,,2020,6,7,2020,6,7,1.0,,,,,,,,,325000.0,382627.0,84.93919812938861,"[{""adm2_code"":29820,""adm2_name"":""Lafourche""},{""adm2_code"":29828,""adm2_name"":""Plaquemines""},{""adm2_code"":29845,""adm2_name"":""Terrebonne""}]",2020-06-08,2024-04-18
2020-0312-USA,No,nat-met-sto-tro,Natural,Meteorological,Storm,Tropical cyclone,,Hurricane 'Isaias',USA,United States of America,Northern America,Americas,"North Carolina, South Carolina, New York, Maryland, Delaware, New Jersey, Connecticut, Florida, Virginia, Pennsylvania, New Hampshire",,,No,No,No,,,Kph,,,,2020,7,31,2020,8,2,16.0,,,,,,,,,4800000.0,5651101.0,84.93919812938861,"[{""adm1_code"":3220,""adm1_name"":""Connecticut""},{""adm1_code"":3221,""adm1_name"":""Delaware""},{""adm1_code"":3223,""adm1_name"":""Florida""},{""adm1_code"":3234,""adm1_name"":""Maryland""},{""adm1_code"":3243,""adm1_name"":""New Hampshire""},{""adm1_code"":3244,""adm1_name"":""New Jersey""},{""adm1_code"":3246,""adm1_name"":""New York""},{""adm1_code"":3247,""adm1_name"":""North Carolina""},{""adm1_code"":3252,""adm1_name"":""Pennsylvania""},{""adm1_code"":3254,""adm1_name"":""South Carolina""},{""adm1_code"":3260,""adm1_name"":""Virginia""}]",2020-08-12,2023-09-25
2020-0316-MEX,No,nat-met-sto-tro,Natural,Meteorological,Storm,Tropical cyclone,,Hurricane 'Hanna',MEX,Mexico,Latin America and the Caribbean,Americas,"Coahuila, Nuevo León,Tamaulipas states",,Flood,No,No,No,,,Kph,,,,2020,7,25,2020,7,26,5.0,,,,,,,,,135000.0,158937.0,84.93919812938861,"[{""adm1_code"":2034,""adm1_name"":""Coahuila""},{""adm1_code"":2046,""adm1_name"":""Nuevo Leon""},{""adm1_code"":2055,""adm1_name"":""Tamaulipas""}]",2020-08-10,2023-09-25
2020-0316-USA,No,nat-met-sto-tro,Natural,Meteorological,Storm,Tropical cyclone,,Hurricane 'Hanna',USA,United States of America,Northern America,Americas,Texas,,Flood,No,No,No,,150.0,Kph,,,,2020,7,25,2020,7,25,,,,,,,,,,1100000.0,1295044.0,84.93919812938861,"[{""adm1_code"":3257,""adm1_name"":""Texas""}]",2020-08-10,2023-09-25
2020-0376-USA,No,nat-met-sto-tro,Natural,Meteorological,Storm,Tropical cyclone,,Hurricane 'Laura',USA,United States of America,Northern America,Americas,"Louisiana, Texas, Arkansas, Mississippi",,Industrial accidents,No,No,No,,240.0,Kph,,,,2020,8,27,2020,8,28,33.0,,6500.0,,6500.0,,,10000000.0,11773127.0,13000000.0,15305066.0,84.93919812938861,"[{""adm1_code"":3217,""adm1_name"":""Arkansas""},{""adm1_code"":3232,""adm1_name"":""Louisiana""},{""adm1_code"":3238,""adm1_name"":""Mississippi""},{""adm1_code"":3257,""adm1_name"":""Texas""}]",2020-08-28,2023-09-25
2020-0412-USA,No,nat-met-sto-tro,Natural,Meteorological,Storm,Tropical cyclone,,Hurricane 'Delta',USA,United States of America,Northern America,Americas,"Louisiana, Texas, Mississippi, Georgia, North and South Carolina",,Flood,No,No,No,,195.0,Kph,,,,2020,10,7,2020,10,11,4.0,,9400.0,,9400.0,,,,,2900000.0,3414207.0,84.93919812938861,"[{""adm1_code"":3224,""adm1_name"":""Georgia""},{""adm1_code"":3232,""adm1_name"":""Louisiana""},{""adm1_code"":3238,""adm1_name"":""Mississippi""},{""adm1_code"":3247,""adm1_name"":""North Carolina""},{""adm1_code"":3254,""adm1_name"":""South Carolina""},{""adm1_code"":3257,""adm1_name"":""Texas""}]",2020-10-13,2023-09-25
2020-0416-MEX,No,nat-met-sto-tro,Natural,Meteorological,Storm,Tropical cyclone,,Tropical storm 'Gamma',MEX,Mexico,Latin America and the Caribbean,Americas,"Tabasco, Quintana Roo, Yucatán, Campeche",,,No,No,No,,56.0,Kph,,,,2020,10,2,2020,10,6,6.0,,3500.0,,3500.0,,,,,100000.0,117731.0,84.93919812938861,"[{""adm1_code"":2031,""adm1_name"":""Campeche""},{""adm1_code"":2050,""adm1_name"":""Quintana Roo""},{""adm1_code"":2054,""adm1_name"":""Tabasco""},{""adm1_code"":2058,""adm1_name"":""Yucatan""}]",2020-10-13,2023-09-25
2020-0438-USA,No,nat-met-sto-tro,Natural,Meteorological,Storm,Tropical cyclone,,Hurricane 'Sally',USA,United States of America,Northern America,Americas,"Alabama, Florida",,Flood,No,No,Yes,,165.0,Kph,,,,2020,9,11,2020,9,18,8.0,,,,,,,3500000.0,4120595.0,6300000.0,7417070.0,84.93919812938861,"[{""adm1_code"":3214,""adm1_name"":""Alabama""},{""adm1_code"":3223,""adm1_name"":""Florida""}]",2020-10-15,2023-09-25
2020-0474-MEX,No,nat-met-sto-tro,Natural,Meteorological,Storm,Tropical cyclone,GLIDE:TC-2020-000218,Hurricane 'Eta',MEX,Mexico,Latin America and the Caribbean,Americas,"Chiapas, San Cristobal de Las Casas, Tabasco",,,No,No,No,,,Kph,,,,2020,11,2,2020,11,4,31.0,,,,,,,,,,,84.93919812938861,"[{""adm1_code"":2032,""adm1_name"":""Chiapas""},{""adm1_code"":2054,""adm1_name"":""Tabasco""}]",2021-01-13,2023-09-25
2020-0474-USA,No,nat-met-sto-tro,Natural,Meteorological,Storm,Tropical cyclone,GLIDE:TC-2020-000218,Hurricane 'Eta',USA,United States of America,Northern America,Americas,"Florida, North Carolina, Virginia",,Flood|Surge,No,No,No,,100.0,Kph,,,,2020,11,8,2020,11,12,12.0,,,,,,,,,1500000.0,1765969.0,84.93919812938861,"[{""adm1_code"":3223,""adm1_name"":""Florida""},{""adm1_code"":3247,""adm1_name"":""North Carolina""},{""adm1_code"":3260,""adm1_name"":""Virginia""}]",2020-12-10,2023-09-25
2020-0483-MEX,No,nat-met-sto-tro,Natural,Meteorological,Storm,Tropical cyclone,,Hurricane 'Zeta',MEX,Mexico,Latin America and the Caribbean,Americas,"Quintana Roo, Yucatán, Chiapas, Campeche,Tabasco",,,No,No,No,,110.0,Kph,,,,2020,10,7,2020,10,11,,,,,,,,,,100000.0,117731.0,84.93919812938861,"[{""adm1_code"":2031,""adm1_name"":""Campeche""},{""adm1_code"":2032,""adm1_name"":""Chiapas""},{""adm1_code"":2050,""adm1_name"":""Quintana Roo""},{""adm1_code"":2054,""adm1_name"":""Tabasco""},{""adm1_code"":2058,""adm1_name"":""Yucatan""}]",2020-11-20,2023-09-25
2020-0483-USA,No,nat-met-sto-tro,Natural,Meteorological,Storm,Tropical cyclone,,Hurricane 'Zeta',USA,United States of America,Northern America,Americas,"Louisiana, Mississippi, Alabama, northern Georgia, south and North Carolinas",,Surge,No,No,No,,175.0,Kph,,,,2020,10,24,2020,10,30,6.0,,,,,,,,,3500000.0,4120595.0,84.93919812938861,"[{""adm1_code"":3214,""adm1_name"":""Alabama""},{""adm1_code"":3224,""adm1_name"":""Georgia""},{""adm1_code"":3232,""adm1_name"":""Louisiana""},{""adm1_code"":3238,""adm1_name"":""Mississippi""},{""adm1_code"":3247,""adm1_name"":""North Carolina""},{""adm1_code"":3254,""adm1_name"":""South Carolina""}]",2020-11-20,2023-09-25
2021-0325-MEX,No,nat-met-sto-tro,Natural,Meteorological,Storm,Tropical cyclone,,Tropical storm 'Dolores',MEX,Mexico,Latin America and the Caribbean,Americas,"Yage municipality (Central Valley Region, Oaxaca State); Guerrero, Michoacán, Colima, and Jalisco states",,"Lightening|Slide (land, mud, snow, rock)",No,No,No,,,Kph,,,,2021,6,18,2021,6,20,3.0,,600.0,,600.0,,,,,50000.0,56224.0,88.92949347720737,"[{""adm1_code"":2035,""adm1_name"":""Colima""},{""adm1_code"":2039,""adm1_name"":""Guerrero""},{""adm1_code"":2041,""adm1_name"":""Jalisco""},{""adm1_code"":2043,""adm1_name"":""Michoacan""},{""adm1_code"":2047,""adm1_name"":""Oaxaca""}]",2021-06-22,2023-09-25
2021-0359-MEX,No,nat-met-sto-tro,Natural,Meteorological,Storm,Tropical cyclone,,Tropical storm 'Enrique',MEX,Mexico,Latin America and the Caribbean,Americas,"Guerrero, Michoacán, Colima, Jalisco, and Nayarit states",,"Flood|Slide (land, mud, snow, rock)",No,No,No,,93.0,Kph,,,,2021,6,25,2021,6,30,2.0,,621.0,,621.0,,,,,50000.0,56224.0,88.92949347720737,"[{""adm1_code"":2035,""adm1_name"":""Colima""},{""adm1_code"":2039,""adm1_name"":""Guerrero""},{""adm1_code"":2041,""adm1_name"":""Jalisco""},{""adm1_code"":2043,""adm1_name"":""Michoacan""},{""adm1_code"":2045,""adm1_name"":""Nayarit""}]",2021-06-29,2023-09-25
2021-0373-USA,No,nat-met-sto-tro,Natural,Meteorological,Storm,Tropical cyclone,,Hurricane 'Elsa',USA,United States of America,Northern America,Americas,"California, Georgia, Florida, North Carolina, South Carolina",,Flood,No,No,Yes,,100.0,Kph,,,,2021,7,2,2021,7,9,1.0,9.0,,,9.0,,,,,1200000.0,1349384.0,88.92949347720737,"[{""adm1_code"":3218,""adm1_name"":""California""},{""adm1_code"":3223,""adm1_name"":""Florida""},{""adm1_code"":3224,""adm1_name"":""Georgia""},{""adm1_code"":3247,""adm1_name"":""North Carolina""},{""adm1_code"":3254,""adm1_name"":""South Carolina""}]",2021-07-20,2023-09-25
2021-0528-MEX,No,nat-met-sto-tro,Natural,Meteorological,Storm,Tropical cyclone,,Tropical cyclone 'Grace',MEX,Mexico,Latin America and the Caribbean,Americas,"Xalapa City (Veracruz State); Tamaulipas state; Huauchinango, Tlaola (Puebla state)",,"Flood|Slide (land, mud, snow, rock)",No,No,No,,205.0,Kph,,,,2021,8,21,2021,8,23,13.0,,,,,,,,,500000.0,562243.0,88.92949347720737,"[{""adm1_code"":2055,""adm1_name"":""Tamaulipas""},{""adm2_code"":20649,""adm2_name"":""Huauchinango""},{""adm2_code"":20757,""adm2_name"":""Tlaola""},{""adm2_code"":21266,""adm2_name"":""Xalapa""}]",2021-08-23,2023-09-25
2021-0531-USA,No,nat-met-sto-tro,Natural,Meteorological,Storm,Tropical cyclone,,Tropical depression 'Henri',USA,United States of America,Northern America,Americas,"Rhode Isl., Connecticut, Vermont, New York, New Jersey states",,Flood,No,No,Yes,,120.0,Kph,,,,2021,8,20,2021,8,25,,,86.0,,86.0,,,,,550000.0,618467.0,88.92949347720737,"[{""adm1_code"":3220,""adm1_name"":""Connecticut""},{""adm1_code"":3244,""adm1_name"":""New Jersey""},{""adm1_code"":3246,""adm1_name"":""New York""},{""adm1_code"":3253,""adm1_name"":""Rhode Island""},{""adm1_code"":3259,""adm1_name"":""Vermont""}]",2021-08-23,2023-09-25
2021-0532-USA,No,nat-met-sto-tro,Natural,Meteorological,Storm,Tropical cyclone,,Tropical storm 'Fred',USA,United States of America,Northern America,Americas,"Transylvania, Haywood, Swain counties (North Carolina); Florida","Heavy rains, remnants of tropical storm Fred",Flood,No,No,Yes,,,Kph,,,Pigeon river,2021,8,17,2021,8,22,7.0,,105.0,,105.0,,,,,1300000.0,1461832.0,88.92949347720737,"[{""adm1_code"":3223,""adm1_name"":""Florida""},{""adm2_code"":30610,""adm2_name"":""Haywood""},{""adm2_code"":30653,""adm2_name"":""Swain""},{""adm2_code"":30654,""adm2_name"":""Transylvania""}]",2021-08-23,2023-09-25
2021-0551-USA,No,nat-met-sto-tro,Natural,Meteorological,Storm,Tropical cyclone,,Tropical storm 'Ida',USA,United States of America,Northern America,Americas,"Louisiana, New York, New Jersey, Maryland, Connecticut, Virginia, Pennsylvania, Delaware",,Flood,No,No,Yes,,240.0,Kph,,,,2021,8,28,2021,9,2,96.0,,14000.0,,14000.0,,,36000000.0,40481508.0,65000000.0,73091612.0,88.92949347720737,"[{""adm1_code"":3220,""adm1_name"":""Connecticut""},{""adm1_code"":3221,""adm1_name"":""Delaware""},{""adm1_code"":3232,""adm1_name"":""Louisiana""},{""adm1_code"":3234,""adm1_name"":""Maryland""},{""adm1_code"":3244,""adm1_name"":""New Jersey""},{""adm1_code"":3246,""adm1_name"":""New York""},{""adm1_code"":3252,""adm1_name"":""Pennsylvania""},{""adm1_code"":3260,""adm1_name"":""Virginia""}]",2021-08-30,2023-09-25
2021-0552-MEX,No,nat-met-sto-tro,Natural,Meteorological,Storm,Tropical cyclone,,Tropical cylone 'Nora',MEX,Mexico,Latin America and the Caribbean,Americas,"Michoacan, Colima and Jalisco States",,"Flood|Slide (land, mud, snow, rock)",No,No,No,,110.0,Kph,,,,2021,8,28,2021,8,30,2.0,3.0,1500.0,,1503.0,,,,,100000.0,112449.0,88.92949347720737,"[{""adm1_code"":2035,""adm1_name"":""Colima""},{""adm1_code"":2041,""adm1_name"":""Jalisco""},{""adm1_code"":2043,""adm1_name"":""Michoacan""}]",2021-08-30,2023-09-25
2021-0583-USA,No,nat-met-sto-tro,Natural,Meteorological,Storm,Tropical cyclone,,Tropical storm 'Nicholas',USA,United States of America,Northern America,Americas,"Texas, Louisiana",,Flood,No,No,No,,,Kph,,,,2021,9,12,2021,9,17,,,,,,,,,,1000000.0,1124486.0,88.92949347720737,"[{""adm1_code"":3232,""adm1_name"":""Louisiana""},{""adm1_code"":3257,""adm1_name"":""Texas""}]",2021-09-15,2023-09-25
2021-0702-MEX,No,nat-met-sto-tro,Natural,Meteorological,Storm,Tropical cyclone,,Tropical cyclone 'Rick',MEX,Mexico,Latin America and the Caribbean,Americas,"Guerrero, Michoacán States; Jalisco, Colima, Guanajuato, and Nayarit",,Flood,No,No,No,,165.0,Kph,,,,2021,10,25,2021,10,26,,,150.0,,150.0,,,,,10000.0,11245.0,88.92949347720737,"[{""adm1_code"":2035,""adm1_name"":""Colima""},{""adm1_code"":2038,""adm1_name"":""Guanajuato""},{""adm1_code"":2039,""adm1_name"":""Guerrero""},{""adm1_code"":2041,""adm1_name"":""Jalisco""},{""adm1_code"":2043,""adm1_name"":""Michoacan""},{""adm1_code"":2045,""adm1_name"":""Nayarit""}]",2021-10-29,2023-09-25
2022-0333-MEX,No,nat-met-sto-tro,Natural,Meteorological,Storm,Tropical cyclone,,Tropical cyclone 'Agatha',MEX,Mexico,Latin America and the Caribbean,Americas,"Coastal and Santiago Xanica (Sierra Sur Regions of Oaxaca); Chiapas, Guerrero, Tabasco, and Veracruz states",,"Flood|Slide (land, mud, snow, rock)",No,No,No,,16.0,Kph,,,,2022,5,30,2022,5,31,31.0,,,,,,,,,51000.0,53099.0,96.04634212554906,"[{""adm1_code"":2032,""adm1_name"":""Chiapas""},{""adm1_code"":2039,""adm1_name"":""Guerrero""},{""adm1_code"":2047,""adm1_name"":""Oaxaca""},{""adm1_code"":2054,""adm1_name"":""Tabasco""},{""adm1_code"":2057,""adm1_name"":""Veracruz""}]",2022-06-01,2023-09-26
2022-0603-CAN,No,nat-met-sto-tro,Natural,Meteorological,Storm,Tropical cyclone,GLIDE:TC-2022-000314,Hurricane 'Fiona',CAN,Canada,Northern America,Americas,"Nova Scotia, Prince Edward Island, Newfoundland, and Quebec",,,No,No,No,,,Kph,,,,2022,9,24,2022,9,25,1.0,,4000.0,,4000.0,,,,,,,96.04634212554906,"[{""adm1_code"":829,""adm1_name"":""Newfoundland and Labrador / Terre-Neuve-et-Labrador""},{""adm1_code"":831,""adm1_name"":""Nova Scotia / Nouvelle-Écosse""},{""adm1_code"":834,""adm1_name"":""Prince Edward Island / Île-du-Prince-Édouard""},{""adm1_code"":835,""adm1_name"":""Quebec / Québec""}]",2022-10-06,2023-09-26
2022-0614-USA,No,nat-met-sto-tro,Natural,Meteorological,Storm,Tropical cyclone,GLIDE:TC-2022-000320,Hurricane 'Ian',USA,United States of America,Northern America,Americas,Charlotte and Lee Counties (Florida Peninsula); North Carolina,,Flood,No,No,Yes,,240.0,Kph,,,,2022,9,28,2022,10,2,152.0,,,,,,,60000000.0,62469844.0,100000000.0,104116407.0,96.04634212554906,"[{""adm1_code"":3247,""adm1_name"":""North Carolina""},{""adm2_code"":29005,""adm2_name"":""Charlotte""},{""adm2_code"":29032,""adm2_name"":""Lee""}]",2022-09-30,2023-09-26
2022-0675-MEX,No,nat-met-sto-tro,Natural,Meteorological,Storm,Tropical cyclone,,Tropical storm 'Karl',MEX,Mexico,Latin America and the Caribbean,Americas,"Tabasco, Veracruz; Pichucalco, Ostuaca Municipalities (Chiapa); Oaxaca states",,"Flood|Slide (land, mud, snow, rock)",No,No,No,,,Kph,,,,2022,10,15,2022,10,16,3.0,,1000.0,,1000.0,,,,,,,96.04634212554906,"[{""adm1_code"":2047,""adm1_name"":""Oaxaca""},{""adm1_code"":2054,""adm1_name"":""Tabasco""},{""adm1_code"":2057,""adm1_name"":""Veracruz""},{""adm2_code"":19663,""adm2_name"":""Ostuacan""},{""adm2_code"":19669,""adm2_name"":""Pichucalco""}]",2022-10-17,2023-09-26
2022-0698-MEX,No,nat-met-sto-tro,Natural,Meteorological,Storm,Tropical cyclone,,Hurricane 'Roslyn',MEX,Mexico,Latin America and the Caribbean,Americas,"Santiago Ixcuintla, Rosamorada (Nayarit state); Jalisco, and Sinaloa",,"Flood|Slide (land, mud, snow, rock)",No,No,No,,215.0,Kph,,,,2022,10,23,2022,10,23,4.0,,15000.0,,15000.0,,,,,,,96.04634212554906,"[{""adm1_code"":2041,""adm1_name"":""Jalisco""},{""adm1_code"":2052,""adm1_name"":""Sinaloa""},{""adm2_code"":20488,""adm2_name"":""Rosamorada""},{""adm2_code"":20493,""adm2_name"":""Santiago Ixcuintla""}]",2022-10-25,2023-09-26
2022-0734-USA,No,nat-met-sto-tro,Natural,Meteorological,Storm,Tropical cyclone,,Hurricane 'Nicole',USA,United States of America,Northern America,Americas,"Bahamas, Florida",,,No,No,Yes,,120.0,Kph,,,,2022,11,10,2022,11,11,5.0,,1500.0,,1500.0,,,,,1000000.0,1041164.0,96.04634212554906,,2022-11-14,2023-09-26
2023-0565-USA,No,nat-met-sto-tro,Natural,Meteorological,Storm,Tropical cyclone,,Hurricane 'Idalia',USA,United States of America,Northern America,Americas,"Tampa, St. Petersburg, Sarasota, Tarpon Springs, Fort Myers Naples (Florida); Brooks and Lowndes Counties (Georgia); Mt. Pleasant, Edisto Beach, and Folly Beach (South Carolina); Whiteville, Wilmington, Outer Banks (North Carolina)",,Flood,No,No,No,,150.0,Kph,,,,2023,8,28,2023,8,29,5.0,,,,,,,,,3500000.0,3500000.0,100.0,,2023-09-04,2024-01-18
2023-0675-MEX,No,nat-met-sto-tro,Natural,Meteorological,Storm,Tropical cyclone,GLIDE:TC-2023-000209,Tropical storm 'Otis',MEX,Mexico,Latin America and the Caribbean,Americas,Acapulco (central Guerrero State),,"Flood|Slide (land, mud, snow, rock)",No,No,No,,270.0,Kph,,,,2023,10,22,2023,10,25,104.0,,988000.0,,988000.0,,,4000000.0,4000000.0,12000000.0,12000000.0,100.0,,2023-10-30,2024-03-04
2024-0402-MEX,No,nat-met-sto-tro,Natural,Meteorological,Storm,Tropical cyclone,,Tropical storm 'Alberto',MEX,Mexico,Latin America and the Caribbean,Americas,"Nuevo Leon, Veracruz, Tamaulipas, Coahuila, ",,"Flood|Slide (land, mud, snow, rock)",No,No,No,,,Kph,,,,2024,6,20,2024,6,22,4.0,,,,,,,,,,,,,2024-06-21,2024-06-24
2024-0422-CAN,No,nat-met-sto-tro,Natural,Meteorological,Storm,Tropical cyclone,GLIDE:TC-2024-000105,Hurricane 'Beryl',CAN,Canada,Northern America,Americas,Nouvelle Ecosse,,Flood,No,No,No,,,Kph,,,,2024,7,12,2024,7,12,1.0,,,,,,,,,,,,,2024-07-16,2024-08-01
2024-0422-USA,No,nat-met-sto-tro,Natural,Meteorological,Storm,Tropical cyclone,GLIDE:TC-2024-000105,Hurricane 'Beryl',USA,United States of America,Northern America,Americas,"Texas, Louisiana",,Flood,No,No,Yes,,130.0,Kph,,,,2024,7,8,2024,7,9,8.0,,207.0,,207.0,,,,,4500000.0,,,,2024-07-10,2024-08-01
2024-0471-MEX,No,nat-met-sto-tro,Natural,Meteorological,Storm,Tropical cyclone,,Tropica storm 'Chris',MEX,Mexico,Latin America and the Caribbean,Americas,"Veracruz, Mexico city",,"Flood|Slide (land, mud, snow, rock)",No,No,No,,65.0,Kph,,,,2024,6,30,2024,6,30,6.0,,20000.0,,20000.0,,,,,,,,,2024-07-12,2024-07-29
